device_id,date,is_daytime,humidity_count,humidity_mean,humidity_std,humidity_min,humidity_max,co2_count,co2_mean,co2_std,co2_min,co2_max
P1,2025-07-17,0,89,65.51532584269663,2.4313275123202764,62.839,70.627,89,537.2022471910112,29.53856484453121,496,591
P1,2025-07-18,0,1437,59.27363117606124,4.35076979473414,50.296,64.641,1437,562.9234516353514,93.69071228260702,449,827
P1,2025-07-18,1,1150,54.676361739130435,2.2895989933813796,49.002,62.944,1150,694.0730434782608,99.72634385726076,459,828
P1,2025-07-19,0,1436,59.097307799442895,0.9770076294384598,56.373,60.817,1436,412.8955431754875,9.200300384291946,409,450
P1,2025-07-19,1,1437,59.95003966597077,1.033171283780627,57.686,63.002,1437,409.0654140570633,0.5923438399079426,408,410
P1,2025-07-20,0,1152,59.03518576388889,0.7755885622789404,56.381,60.831,1152,409.0,0.0,409,409
P1,2025-07-20,1,1436,60.01555988857938,0.6953444607235404,57.032,61.746,1436,409.2214484679666,0.5433021933517309,408,411
P1,2025-07-21,0,903,56.40071760797342,2.830357219114543,49.18,60.892,903,484.2214839424142,85.99373271142905,409,663
P1,2025-07-21,1,1183,49.5486043956044,2.71034150620386,45.925,61.124,1183,619.1969568892646,96.40421418113506,408,794
P1,2025-07-22,0,1436,58.08020403899721,3.388272983586286,46.094,61.246,1436,482.61768802228414,102.9507751212475,408,798
P1,2025-07-22,1,1437,51.44061795407099,4.251842848309965,46.723,61.504,1437,663.7606123869172,170.31084486693888,406,862
P1,2025-07-23,0,1436,57.389869080779945,3.424697379381067,47.995,61.108,1436,484.9456824512535,85.50076211829456,410,693
P1,2025-07-23,1,1423,51.48534785664089,4.159234666935158,46.63,61.466,1423,608.4399156711173,137.44898200116805,407,796
P1,2025-07-24,0,1436,57.36582103064067,3.213484993831196,49.639,61.212,1436,490.19359331476323,83.88706603182345,419,732
P1,2025-07-24,1,1430,51.83857762237762,4.393929198073079,46.273,62.011,1430,599.3321678321678,115.8537820899624,409,777
P1,2025-07-25,0,1436,56.7469721448468,2.6155815919278425,50.719,59.484,1436,483.9491643454039,93.10844633967972,409,716
P1,2025-07-25,1,1437,51.645853862212945,3.112079871222546,47.27,59.0,1437,624.6659707724426,143.64042188057581,406,803
P1,2025-07-26,0,1436,60.99660027855153,0.9664781160596307,58.267,62.141,1436,422.1706128133705,11.930553984196933,410,456
P1,2025-07-26,1,1437,61.16461517049408,0.29330191384752446,60.365,62.225,1437,412.29575504523314,3.5149208522151336,410,425
P1,2025-07-27,0,1431,60.62302375960867,1.022851626476113,58.83,62.13,1431,410.0188679245283,0.23428296506295437,410,415
P1,2025-07-27,1,1436,60.93424442896936,0.9914668860863891,59.082,62.906,1436,409.6859331476323,0.46729695665807747,409,411
P1,2025-07-28,0,1437,56.54831732776618,3.260736257719803,46.853,59.775,1437,446.56297842727906,69.73462206280722,409,669
P1,2025-07-28,1,1436,50.73946239554318,4.897856828824044,44.454,63.116,1436,591.7388579387186,116.6659995486295,408,762
P1,2025-07-29,0,1436,58.34788300835655,2.4624278858321276,52.713,64.115,1436,466.53133704735376,74.68357216351549,409,675
P1,2025-07-29,1,1437,52.0753785664579,3.91725455064211,46.094,62.966,1437,636.5497564370215,141.66330795945672,406,828
P1,2025-07-30,0,1436,58.494732590529246,5.253182760830514,50.104,64.883,1436,532.259052924791,122.90292373915315,415,797
P1,2025-07-30,1,1437,56.20595546276966,4.499029776647699,48.88,66.165,1437,635.7070285316632,146.07210428799317,408,865
P1,2025-07-31,0,1436,55.4257938718663,3.0026643080818434,47.571,58.947,1436,541.2931754874652,89.72262939287151,464,767
P1,2025-07-31,1,1437,50.722194850382735,3.3247032516166715,46.14,58.217,1437,716.544885177453,156.86133798927008,410,882
P1,2025-08-01,0,1438,55.93358136300417,4.349200308033852,47.76,60.702,1438,521.1043115438108,96.97697304418766,420,728
P1,2025-08-01,1,1436,51.08217548746518,4.576766158341219,45.447,60.658,1436,678.2075208913649,156.4263052073354,408,851
P1,2025-08-02,0,1436,59.39069637883008,0.8039917735035689,56.958,60.684,1436,438.24025069637884,29.4723411766333,410,499
P1,2025-08-02,1,1437,60.0683437717467,0.3969889456449895,58.803,61.206,1437,419.12456506610994,17.17294267748428,409,460
P1,2025-08-03,0,1408,58.41567684659091,1.7959747316287877,54.954,60.847,1408,409.74076704545456,0.43998770060259274,409,411
P1,2025-08-03,1,1437,57.034118997912316,1.897366999946768,54.181,60.628,1437,409.5525400139179,1.4576861957325167,408,420
P1,2025-08-04,0,1438,54.86587552155772,3.8140605458491623,46.997,58.879,1438,470.260083449235,85.3088813620335,410,729
P1,2025-08-04,1,1436,48.9875278551532,4.41366228236572,44.535,59.896,1436,628.1190807799443,130.58289752857885,409,768
P1,2025-08-05,0,1436,55.274032729805015,4.582724295391233,47.726,61.034,1436,482.142061281337,87.24379322391133,414,727
P1,2025-08-05,1,1437,49.63278148921364,4.654874596818723,45.009,60.978,1437,613.5400139178845,123.20188876952567,409,761
P1,2025-08-06,0,1436,53.27175974930363,4.5613760705758475,47.098,59.989,1436,481.7026462395543,98.97038599044205,410,737
P1,2025-08-06,1,1437,49.261700765483646,4.568734756200365,44.691,60.024,1437,605.7620041753653,136.21606578372507,408,799
P1,2025-08-07,0,1436,49.99916086350975,1.374441265215223,47.118,53.305,1436,476.6942896935933,85.1456992441418,408,680
P1,2025-08-07,1,1437,48.26474878218511,1.3735756406569395,46.025,52.169,1437,643.5588030619346,136.27787921343622,408,820
P1,2025-08-08,0,1437,53.825453723034094,3.3170467217329316,48.106,58.551,1437,480.9408489909534,75.88100002279745,413,674
P1,2025-08-08,1,1436,49.91468732590529,3.7003930538576784,45.645,58.495,1436,582.9616991643454,108.17386602874801,409,704
P1,2025-08-09,0,1438,57.20998539638387,3.3514842041546657,52.655,62.605,1438,410.1696801112656,2.210652714245296,408,423
P1,2025-08-09,1,1436,53.1688356545961,5.2545067031577055,46.967,62.437,1436,409.80292479108635,1.422376603681937,408,418
P1,2025-08-10,0,1436,56.08497493036212,1.1051351815076251,52.731,58.21,1436,431.8516713091922,22.914526926016073,409,470
P1,2025-08-10,1,1437,54.18533681280445,1.5984431350898662,51.418,57.259,1437,428.8768267223382,17.50943236310568,409,468
P1,2025-08-11,0,1436,53.3413426183844,3.5249200760387644,47.173,57.009,1436,544.7736768802229,109.22633039181251,454,822
P1,2025-08-11,1,1437,47.08467849686848,3.577874386611249,43.0,57.359,1437,707.4718162839248,157.80969928938066,417,878
P1,2025-08-12,0,1436,54.74577437325905,2.615362759616357,49.079,58.45,1436,502.5376044568245,81.26352782311014,425,741
P1,2025-08-12,1,1437,50.62544467640918,3.428523727561737,46.178,58.562,1437,656.5421016005567,129.09648176328517,410,809
P1,2025-08-13,0,1438,54.35979902642559,3.1276558772748424,48.554,58.125,1438,480.84005563282335,103.0689522424208,410,760
P1,2025-08-13,1,1436,49.91002506963788,3.7230208426079563,45.76,59.194,1436,649.3349582172702,148.7081651652911,408,816
P1,2025-08-14,0,1437,55.93938482950591,2.012185690293256,50.992,59.834,1437,464.95407098121086,70.2289677904454,410,636
P1,2025-08-14,1,1436,51.878084261838445,3.530552152413163,48.027,60.74,1436,624.708913649025,130.8836659977902,410,799
P1,2025-08-15,0,1436,56.63496935933148,1.8085181954218519,52.122,59.271,1436,461.4714484679666,62.07635979635077,415,651
P1,2025-08-15,1,1437,51.33118162839248,3.5262141090147843,47.516,59.595,1437,602.3159359777313,113.52674627822115,409,755
P1,2025-08-16,0,1436,58.2096852367688,1.0825616496280177,55.281,60.31,1436,413.5717270194986,3.3470161569220997,410,424
P1,2025-08-16,1,1437,56.65167153792624,2.6007102015035417,53.526,62.007,1437,411.3973556019485,4.409576653301768,409,427
P1,2025-08-17,0,1437,56.54339248434238,2.565447550729169,51.715,59.517,1437,419.28462073764786,7.355695788167496,410,436
P1,2025-08-17,1,1436,54.1478635097493,2.6483780990586525,51.364,59.169,1436,420.1692200557103,13.66824136345495,409,456
P1,2025-08-18,0,1438,48.12793324061196,4.02062909001375,40.479,56.839,1438,588.2809457579972,182.54034072006505,424,1006
P1,2025-08-18,1,1436,41.50302158774373,2.2368606302083474,36.483,48.369,1436,816.7785515320335,258.2955193506966,408,1129
P1,2025-08-19,0,1436,45.47860654596101,1.4937746315840545,42.485,49.007,1436,625.1678272980502,150.8160994595139,461,951
P1,2025-08-19,1,1437,43.249083507306885,1.3702377663008487,40.52,48.499,1437,800.5949895615867,216.3446618997985,452,1075
P1,2025-08-20,0,1437,46.93437230340988,1.8799088191709488,44.231,50.781,1437,582.7014613778706,106.32897827227309,482,901
P1,2025-08-20,1,1420,44.0999838028169,1.3463079952972075,41.127,49.228,1420,737.9105633802817,198.89819771062955,409,987
P1,2025-08-21,0,1437,48.35855532359082,1.4374178612482678,45.841,51.703,1437,539.8420320111343,103.36582525653989,420,781
P1,2025-08-21,1,1436,45.497311977715874,1.8488837838425913,42.41,53.194,1436,727.299442896936,181.36859736786826,420,934
P1,2025-08-22,0,1427,46.178473721093205,2.27244407009907,41.871,49.517,1427,595.3826208829713,141.10659903925446,450,869
P1,2025-08-22,1,1436,44.93137743732591,2.6577308433772955,40.204,52.288,1436,678.4073816155989,169.6074514374432,410,877
P1,2025-08-23,0,1436,45.339593314763235,0.673485012208549,43.961,47.476,1436,436.9185236768802,33.878543745572884,409,537
P1,2025-08-23,1,1437,45.101039665970774,0.7641786489286585,43.112,47.599,1437,410.90466249130134,4.719568901258468,409,435
P1,2025-08-24,0,1436,44.82281406685237,1.1934790251710685,42.219,46.826,1436,409.79805013927574,0.4015948522564516,409,410
P1,2025-08-24,1,1437,43.71625956854558,1.4285727557637529,41.224,46.772,1437,413.0125260960334,6.685835781016325,408,433
P1,2025-08-25,0,1436,44.31284540389972,0.6426254140424879,42.918,46.82,1436,558.9993036211699,163.55731235442153,410,888
P1,2025-08-25,1,1437,41.23122129436326,1.582438619479714,38.382,45.441,1437,765.6235212247739,214.03122953894967,409,1014
P1,2025-08-26,0,1208,43.76842632450331,0.8884550797320304,42.268,48.039,1208,617.3112582781457,153.2216932960535,471,935
P1,2025-08-26,1,1436,42.418887186629526,1.244077536522959,40.101,47.253,1436,817.215877437326,192.33412977408423,474,1030
P1,2025-08-27,0,895,45.31008603351955,1.0106760680425075,43.613,49.054,895,602.0100558659218,82.68507753166502,414,785
P1,2025-08-27,1,1284,43.44609657320872,1.6459604052085721,40.541,50.885,1284,696.936137071651,158.59180769459974,410,889
P1,2025-08-28,0,1436,49.85693245125348,3.4464210757930824,44.63,56.702,1436,447.1295264623955,34.1964799223362,410,582
P1,2025-08-28,1,1431,44.360607966457025,2.737483742400757,40.042,51.132,1431,651.5625436757513,161.40298814475707,409,889
P1,2025-08-29,0,1354,57.231305760709006,3.022906040688578,49.326,62.259,1354,443.6935007385524,48.40896396505896,410,600
P1,2025-08-29,1,430,51.030109302325585,5.248408169343782,44.474,62.683,430,583.0790697674419,134.99181803426302,409,783
P1,2025-08-30,0,1438,62.72622739916551,1.7131943765708733,57.604,65.738,1438,409.9005563282337,1.622900561245038,409,421
P1,2025-08-30,1,1436,60.74733286908078,4.129442674841308,55.588,67.441,1436,408.81615598885793,0.7855246060187964,408,411
P1,2025-08-31,0,1437,61.8594307585247,2.5515991531611317,58.198,65.575,1437,431.0111343075852,19.640392085929623,409,460
P1,2025-08-31,1,1436,60.38971169916435,3.242913573907798,55.937,65.71,1436,435.0215877437326,17.206884830233992,410,462
P1,2025-09-01,0,1436,57.3879651810585,2.975526291194249,51.908,60.54,1436,501.3488857938719,55.216862345296526,450,652
P1,2025-09-01,1,1394,47.92919225251076,3.421923073687842,43.933,59.98,1394,676.3543758967002,141.59891217756115,412,852
P1,2025-09-02,0,1334,60.77524362818591,3.4117760528534458,54.458,65.554,1334,536.5577211394303,85.37339132066053,458,744
P1,2025-09-02,1,1436,54.41530362116992,5.321026109658407,45.78,66.745,1436,721.1580779944289,148.58401843402874,447,879
P1,2025-09-03,0,536,61.33440111940299,3.2162896632114837,53.604,63.921,536,487.3339552238806,56.30270692874843,421,692
P1,2025-09-03,1,378,54.926981481481484,4.710671511280444,49.866,65.031,378,609.0,114.01810084786945,425,737
P1,2025-09-04,0,908,59.227951541850224,3.2682730831174505,54.995,66.349,908,497.2004405286344,69.88970299085345,410,631
P1,2025-09-04,1,1092,54.089475274725274,2.986429901210109,50.052,66.913,1092,657.9514652014652,81.1437060627517,410,754
P1,2025-09-05,0,1436,60.37623119777159,4.091646472755009,53.18,65.964,1436,453.86977715877435,45.47997720273689,411,642
P1,2025-09-05,1,1435,54.14297282229965,4.979618784450414,48.319,66.532,1435,602.8648083623693,118.62621279968174,409,753
P1,2025-09-06,0,980,61.58672551020408,1.395652728464402,58.824,64.34,980,421.2948979591837,8.288205835104838,409,445
P1,2025-09-06,1,1353,60.429308203991134,2.6819098603187563,56.988,65.646,1353,411.45454545454544,4.318791893712085,408,428
P1,2025-09-07,0,1028,61.983808365758755,0.606708584071824,59.993,62.984,1028,451.0194552529183,12.710529369767679,414,470
P1,2025-09-07,1,1437,61.29397355601949,0.902821088876587,59.129,62.956,1437,448.2261656228253,8.688492380248206,424,471
P1,2025-09-08,0,1436,58.72617061281337,4.743836800343433,50.55,63.811,1436,518.6873259052925,78.18161029095921,449,749
P1,2025-09-08,1,1438,49.68032336578581,3.4316794751151862,44.234,63.901,1438,691.0897079276773,157.61014733818624,410,872
P1,2025-09-09,0,1436,57.50052158774373,2.508782165838883,51.645,60.722,1436,509.20194986072426,69.1215232167605,446,706
P1,2025-09-09,1,1437,53.23140640222687,3.401755284523088,49.781,62.094,1437,659.0194850382742,127.52614963263211,439,805
P1,2025-09-10,0,1438,56.90097079276774,1.6505576706251033,52.933,59.056,1438,447.5611961057024,38.933289792935454,410,587
P1,2025-09-10,1,1436,52.2378704735376,3.394921768344066,48.1,60.516,1436,647.0389972144847,146.50458797243493,410,838
P1,2025-09-11,0,1437,55.24243423799582,2.377816850737549,49.215,60.936,1437,470.402226861517,63.72848652712258,414,683
P1,2025-09-11,1,1436,49.99060515320335,3.1058244673013276,46.193,58.005,1436,648.4603064066853,135.33235572820172,410,815
P1,2025-09-12,0,1436,58.66854317548747,3.0604630963284074,52.026,62.616,1436,512.424791086351,93.90858063764945,417,733
P1,2025-09-12,1,1437,53.17599164926931,3.76692701482622,49.393,63.118,1437,659.0334029227557,153.2432215658865,409,868
P1,2025-09-13,0,1436,64.5083266016713,1.1500367344000386,60.547,65.77,1436,437.5201949860724,20.1483075148034,410,480
P1,2025-09-13,1,1437,63.61673764787752,0.9602768359885938,61.971,65.609,1437,425.303409881698,16.867741156041927,410,459
P1,2025-09-14,0,1437,62.73485247042449,2.2709786612584897,59.37,65.555,1437,412.1350034794711,3.3287606045258418,409,427
P1,2025-09-14,1,1436,62.234552228412255,2.5116123409628384,58.277,66.489,1436,423.1908077994429,17.98872505302747,409,467
P1,2025-09-15,0,1438,60.001467315716276,3.291621047502981,52.568,63.798,1438,482.83518776077887,90.53957154173658,410,705
P1,2025-09-15,1,1436,52.66770194986073,4.241457304325271,48.906,65.105,1436,668.675487465181,139.81856530373517,409,855
P1,2025-09-16,0,1436,59.8557778551532,5.075196760067981,50.639,66.375,1436,488.4693593314763,79.22328368112449,430,692
P1,2025-09-16,1,1437,52.77898399443284,6.5526381617841265,46.689,67.058,1437,661.7780097425191,146.99407873050546,411,835
P1,2025-09-17,0,1436,60.20671727019499,3.690145932471363,53.084,65.974,1436,494.3342618384401,103.17003844274286,410,770
P1,2025-09-17,1,1437,55.112510786360474,5.053761245486421,48.468,66.197,1437,617.2338204592902,131.7337132066531,411,802
P1,2025-09-18,0,1436,57.74647353760446,5.241368479042192,48.934,64.176,1436,504.1782729805014,107.37587230236967,410,761
P1,2025-09-18,1,1437,53.31131384829506,4.438031698418373,47.814,64.906,1437,661.2553931802366,156.32062363981672,407,870
P1,2025-09-19,0,1438,58.45363421418637,1.0722511739770213,56.038,61.362,1438,485.4075104311544,44.01130049488155,441,620
P1,2025-09-19,1,1436,55.192619777158775,2.2423328376896725,51.696,60.508,1436,572.2708913649025,87.53151198923338,409,684
P1,2025-09-20,0,1437,60.4604335421016,2.927403624567417,54.726,63.583,1437,426.9408489909534,11.934360057208373,409,447
P1,2025-09-20,1,1436,62.388648328690806,2.8524832596571676,55.393,68.69,1436,441.008356545961,14.861213922435677,408,480
P1,2025-09-21,0,1436,52.26194846796657,1.720477682268015,48.756,54.739,1436,425.96100278551535,19.080899038636552,409,491
P1,2025-09-21,1,1437,50.06771050800278,1.9376886511753355,46.749,54.051,1437,451.7404314544189,24.661273263521032,409,493
P1,2025-09-22,0,1436,53.720742339832874,2.661026998131469,51.11,59.052,1436,497.8307799442897,78.13710758373072,430,671
P1,2025-09-22,1,1437,51.008993736951986,1.369883762057395,48.529,56.007,1437,609.0514961725818,103.93437300652036,410,775
P1,2025-09-23,0,718,59.962793871866296,0.5514878638801206,58.936,61.379,718,430.65738161559887,6.539197963846285,423,451
P1,2025-09-23,1,374,60.46480748663102,2.290424049701388,55.076,64.069,374,430.51069518716577,13.137696944927594,410,473
P2,2025-07-17,0,90,59.15043622222222,2.3721328433117224,56.27826,64.56167,90,469.43333333333334,11.236027527856123,454,498
P2,2025-07-18,0,1440,47.127767444444444,7.828248309599929,36.83294,57.283,1440,560.28125,102.46554394257707,458,809
P2,2025-07-18,1,1105,41.01816665158371,3.271257447734767,36.91073,55.11141,1105,679.8199095022625,105.31607517472906,425,841
P2,2025-07-19,0,1440,44.31393515972222,0.5126148511916551,42.66056,45.51896,1440,431.3,17.82511755485342,414,480
P2,2025-07-19,1,1440,44.63175100694444,0.5303106399767825,43.22982,45.87295,1440,411.3152777777778,3.683524904955394,409,426
P2,2025-07-20,0,1080,44.147281425925925,0.4892282035690229,43.23742,45.22981,1080,417.0527777777778,2.139264350587259,412,423
P2,2025-07-20,1,1440,44.45430821527778,0.5376448730156326,43.37034,45.66601,1440,410.67847222222224,2.0354967804146615,409,417
P2,2025-07-21,0,776,38.463523840206186,2.7686805438043125,34.85835,44.99762,776,538.2422680412371,93.92054606100707,420,703
P2,2025-07-21,1,1153,40.28916975715525,2.1923573666061893,36.77705,46.07574,1153,741.604509973981,271.263711981488,419,1364
P2,2025-07-22,0,1440,41.70559908333333,2.1301724651610137,36.64863,44.57354,1440,481.86875,95.9508727152021,410,824
P2,2025-07-22,1,1440,41.40959170138889,2.7523792907412488,36.94313,49.11366,1440,722.1277777777777,279.8601885739328,407,1358
P2,2025-07-23,0,1440,43.13193314583334,2.682356409899588,37.53783,46.73838,1440,497.2638888888889,98.16577617675728,410,735
P2,2025-07-23,1,1410,41.37087775886525,2.7574987852088135,36.84417,49.52747,1410,566.7014184397163,113.1186633871853,407,750
P2,2025-07-24,0,1440,43.994684666666664,2.7170475158585643,38.44756,47.81717,1440,513.3319444444444,88.41826545924275,436,729
P2,2025-07-24,1,1434,42.17236421896792,3.147633374122869,36.93331,48.78825,1434,670.5488145048814,164.74676603091385,415,1158
P2,2025-07-25,0,1440,43.44539127777778,1.7674615498765343,39.70813,45.50919,1440,475.6951388888889,76.41599677339546,410,676
P2,2025-07-25,1,1440,41.122489333333334,2.385363720191516,36.85288,48.64886,1440,574.4041666666667,110.01680576340249,407,749
P2,2025-07-26,0,1440,47.1107835,0.9899880806969277,44.38592,48.9106,1440,413.7013888888889,5.069605652788775,410,435
P2,2025-07-26,1,1440,48.27670551388889,0.47700102687730367,46.94549,49.21488,1440,409.44305555555553,0.50248206420477,409,411
P2,2025-07-27,0,1438,46.60419383171071,0.7907823697658831,45.15362,48.34652,1438,414.36300417246173,2.966117151218089,410,420
P2,2025-07-27,1,1441,47.187204351145034,0.5105634241394797,45.9604,48.46256,1441,409.7286606523248,1.1799559534678203,409,416
P2,2025-07-28,0,1440,42.99180700694444,3.3834390745526832,37.17046,51.62116,1440,469.86805555555554,80.99916750125773,410,699
P2,2025-07-28,1,1440,42.90670427777778,2.4001905527037852,38.47198,49.67529,1440,688.5777777777778,251.39900328481505,410,1297
P2,2025-07-29,0,1440,42.4125743125,1.216809521801569,39.49649,45.76925,1440,463.25347222222223,65.31028460311721,410,644
P2,2025-07-29,1,1440,41.58679293055555,2.130116952564424,37.38269,46.95755,1440,596.5458333333333,154.73366338464825,408,1036
P2,2025-07-30,0,1440,44.88600850694445,2.6261589029054146,39.981,48.72887,1440,490.3909722222222,91.23363041129963,410,741
P2,2025-07-30,1,1440,45.318664222222225,2.6289749907431914,38.68477,49.61019,1440,546.5520833333334,124.51385407524462,408,843
P2,2025-07-31,0,1440,42.606702965277776,1.8321391364380377,37.88364,44.82374,1440,529.0479166666667,105.80105004973272,424,745
P2,2025-07-31,1,1440,43.21427048611111,2.620195465288398,37.42016,48.72767,1440,709.9243055555555,228.83393985312662,408,1171
P2,2025-08-01,0,1440,42.72197314583333,2.522279694448378,37.62735,45.97604,1440,503.3465277777778,75.42076588567453,441,871
P2,2025-08-01,1,1440,42.752261555555556,2.920637116207524,37.52566,49.81237,1440,746.9125,251.76961872678137,409,1235
P2,2025-08-02,0,1440,45.06007877777778,0.6976954433635395,43.00414,46.69666,1440,420.46319444444447,11.758103065701196,410,453
P2,2025-08-02,1,1440,46.78746372916667,0.48984211467048755,45.62313,47.91801,1440,414.225,3.8849954588236515,410,421
P2,2025-08-03,0,1440,43.592162180555555,1.019919107650983,41.98568,45.50134,1440,423.00625,11.715795475364537,410,446
P2,2025-08-03,1,1440,44.07420226388889,0.6393267580191728,42.39394,45.27256,1440,411.4506944444444,3.5620674815706885,408,422
P2,2025-08-04,0,1440,39.69305065277778,3.633954301186007,32.7655,43.74517,1440,505.28680555555553,76.39482020444305,444,707
P2,2025-08-04,1,1440,38.07439585416667,3.3155587582329593,31.62776,46.05608,1440,661.5118055555556,158.1538641728943,452,1103
P2,2025-08-05,0,1440,40.80857151388889,2.5966191470303253,35.70583,44.75143,1440,502.9819444444444,86.78772650692906,430,765
P2,2025-08-05,1,1441,40.24253443442054,2.7248856217027786,35.69625,46.48891,1441,646.322692574601,169.90003381881309,409,1055
P2,2025-08-06,0,1440,39.918225409722226,4.75440357256847,33.5418,45.96099,1440,513.6159722222222,100.89447294943108,420,747
P2,2025-08-06,1,1440,40.18286765277778,3.0519695620894876,34.94188,46.88639,1440,653.6270833333333,183.47687658574566,409,1066
P2,2025-08-07,0,1440,36.31529322222222,1.962932934108667,34.19136,41.64175,1440,485.92569444444445,68.47251848924206,423,659
P2,2025-08-07,1,1440,36.74273790972222,1.6005735087149142,33.7589,40.11277,1440,593.8916666666667,102.9936783314078,423,729
P2,2025-08-08,0,1440,40.4865225625,4.006813426190615,34.83775,45.39084,1440,481.4090277777778,90.32195553457989,410,684
P2,2025-08-08,1,1440,38.889037611111114,3.7040444553550755,34.49605,48.21206,1440,583.4805555555556,122.49296459936609,410,903
P2,2025-08-09,0,1440,44.99406254166667,1.8075936759512472,42.49298,48.63309,1440,414.09513888888887,5.463758031085835,410,434
P2,2025-08-09,1,1440,42.26506910416666,4.574684717517197,36.75161,49.30313,1440,411.43680555555557,5.116451364913883,408,435
P2,2025-08-10,0,1440,44.68334458333333,0.876869943117889,43.50242,45.9547,1440,433.54791666666665,8.030115906155968,420,448
P2,2025-08-10,1,1440,44.44122705555556,0.8014215216112442,43.29219,45.47791,1440,419.34444444444443,10.076122897453267,409,435
P2,2025-08-11,0,1440,41.1312395,3.588358078390395,35.14729,44.77514,1440,531.2340277777778,96.32855857485026,447,772
P2,2025-08-11,1,1440,39.238572930555556,3.0415907000628546,34.70201,47.56039,1440,740.3138888888889,272.65624923109465,410,1413
P2,2025-08-12,0,1440,42.007313430555556,2.247928892095505,37.15437,44.5931,1440,493.79791666666665,71.99352430992852,425,729
P2,2025-08-12,1,1441,41.1418712352533,2.7111606035339952,35.91972,47.36564,1441,700.7224149895906,177.0387531453919,448,1112
P2,2025-08-13,0,1440,42.583918041666664,2.8637086726918404,37.83466,46.04435,1440,500.40833333333336,115.33198266979625,409,776
P2,2025-08-13,1,1440,42.067246555555556,2.2608281662595964,38.28593,47.66759,1440,670.9805555555556,220.46213615606618,407,1145
P2,2025-08-14,0,1440,44.507735368055556,2.141281049552393,40.09905,47.0568,1440,475.3277777777778,70.50026386916004,420,693
P2,2025-08-14,1,1440,42.91992247916667,2.8044431575660136,38.56609,48.64308,1440,605.9208333333333,124.45060077260221,412,746
P2,2025-08-15,0,1440,45.57862770138888,2.0940686175358043,40.92237,47.62841,1440,445.98333333333335,48.823999270799256,410,584
P2,2025-08-15,1,1440,44.13138865972223,2.5389792931710877,39.77877,50.23414,1440,514.5263888888888,73.7442898802275,410,652
P2,2025-08-16,0,1440,47.30914713888888,1.1278067458911527,46.07759,49.22749,1440,410.7729166666667,1.3587652669719297,410,415
P2,2025-08-16,1,1440,47.93719526388889,1.3475829551900633,46.14527,49.80139,1440,409.25694444444446,0.4371003033175454,409,410
P2,2025-08-17,0,1440,45.023978291666666,1.3970391383759933,43.03018,46.57034,1440,415.34930555555553,5.737075652583843,410,426
P2,2025-08-17,1,1440,44.82175702777778,1.2587754096190944,43.19001,46.5765,1440,410.14444444444445,1.3185888480012116,409,414
P2,2025-08-18,0,1440,37.262110944444444,3.829721171756078,31.87997,44.56787,1440,604.6520833333333,210.697301383077,419,1147
P2,2025-08-18,1,1440,37.80115989583334,2.098724626658702,33.85907,44.96034,1440,829.4465277777778,357.5190590881621,408,1484
P2,2025-08-19,0,1441,34.09464454545455,1.7262013355989054,30.92031,39.48635,1441,594.1353226925746,123.58339686465807,470,967
P2,2025-08-19,1,1440,37.83080104166667,2.1191406903810783,33.52937,43.47524,1440,962.2076388888889,415.0575442709961,464,1987
P2,2025-08-20,0,1440,33.56020801388889,1.0997361902974643,32.38034,36.40861,1440,568.9173611111111,148.873670662478,415,898
P2,2025-08-20,1,1481,37.353937481431466,2.0631636155592483,32.59484,42.20771,1481,695.7724510465902,219.732639009201,409,1121
P2,2025-08-21,0,1440,35.486912312499996,0.6128802619601372,34.00378,37.12825,1440,546.7395833333334,113.71621818890644,422,808
P2,2025-08-21,1,1440,38.66910963888889,1.4712486358860792,36.0514,42.47649,1440,743.7326388888889,233.35011597769787,413,1230
P2,2025-08-22,0,1450,35.149992531034485,2.9609677929539107,30.96554,38.49426,1450,583.1441379310345,155.33495692904867,421,861
P2,2025-08-22,1,1440,35.154837416666666,2.37408391994769,31.53733,40.60176,1440,687.4520833333333,181.3851704281556,414,931
P2,2025-08-23,0,1440,34.62899204166667,0.9711704556090031,33.63181,37.45378,1440,432.1625,33.27366651350958,409,533
P2,2025-08-23,1,1440,37.03341926388889,1.4811886301930155,34.10794,39.50459,1440,409.21666666666664,0.4121166907349823,409,410
P2,2025-08-24,0,1440,34.000482319444444,0.5462340648316517,33.06203,35.83783,1440,417.925,9.389195067559243,409,432
P2,2025-08-24,1,1440,35.82836740972222,0.9116333792899431,33.72922,37.36917,1440,408.9423611111111,0.8014129167382451,408,410
P2,2025-08-25,0,1440,32.579002270833335,0.5132552087391451,31.13584,33.86037,1440,591.15625,172.07110188138924,429,876
P2,2025-08-25,1,1440,32.98187399305555,1.6159969520000235,30.06207,37.06833,1440,803.1833333333333,277.9341061086776,410,1449
P2,2025-08-26,0,1224,33.137398774509805,0.7677725548076826,32.36838,36.08846,1224,608.1642156862745,134.95552700929738,474,923
P2,2025-08-26,1,1441,35.40938271339348,1.3320314889958738,32.94086,39.67701,1441,924.9070090215129,398.4327800715718,466,1908
P2,2025-08-27,0,106,34.77216537735849,0.15337533862841266,34.22192,35.04863,106,528.2358490566038,25.599312448651077,488,588
P2,2025-08-27,1,296,36.73971081081081,1.5006644481444833,35.0157,40.70861,296,431.90202702702703,21.582177108868997,410,486
P2,2025-08-28,0,720,39.16617311111111,3.4511319181314017,35.42822,45.22565,720,501.52777777777777,38.84037882209345,440,582
P2,2025-08-28,1,1080,35.55842918518518,1.411573690735132,32.65286,38.93072,1080,751.5481481481481,195.26746822899096,446,1347
P2,2025-08-29,0,1353,43.84988903917221,3.997956726263944,37.4096,48.22676,1353,465.93348115299335,64.77497469793532,414,660
P2,2025-08-29,1,312,41.916382980769235,4.557153757333906,35.40181,49.01115,312,639.375,225.43572047819777,416,1196
P2,2025-08-30,0,1441,49.31365630811936,1.2960571000955468,47.40764,51.79702,1441,414.0791117279667,5.406720436373156,408,424
P2,2025-08-30,1,1440,49.04215877083333,2.2781234279585685,45.85921,52.15507,1440,408.6451388888889,0.7871739250010737,408,410
P2,2025-08-31,0,1440,47.7039976875,1.9251912327783318,45.64347,50.3307,1440,426.9194444444444,6.1411843829847905,415,441
P2,2025-08-31,1,1440,47.901068125,1.887008601108423,45.29001,50.40521,1440,420.7402777777778,11.211432660433816,410,441
P2,2025-09-01,0,1440,42.06929090972222,3.9124361485062025,36.51675,45.77987,1440,502.47291666666666,75.87838621972189,436,668
P2,2025-09-01,1,1398,39.10708520028612,2.0210826618044204,35.17564,46.60626,1398,698.7968526466381,256.8320022592663,409,1271
P2,2025-09-02,0,1335,46.146052374531834,3.0741038539611307,41.63254,50.6905,1335,523.7318352059925,90.83513079893248,448,753
P2,2025-09-02,1,1440,44.854543222222226,3.771620945353908,37.69339,51.98929,1440,774.8041666666667,269.7659691147592,449,1490
P2,2025-09-03,0,411,49.94400642335766,0.7678919214736554,47.65738,50.66227,411,428.18978102189783,8.018758051196992,419,455
P2,2025-09-03,1,154,49.984452727272725,1.9932536918798123,44.64861,52.01501,154,429.2597402597403,14.588385206685151,419,475
P2,2025-09-04,0,720,46.32176440277778,1.8229080296794506,44.26918,50.08701,720,496.1513888888889,42.424448081365725,429,590
P2,2025-09-04,1,1010,45.129290009900984,2.815446109459465,40.34331,51.76758,1010,557.919801980198,55.5444669939109,422,670
P2,2025-09-05,0,1440,47.77657359722222,4.248054858548928,41.00748,52.62754,1440,443.06597222222223,42.03387836324816,410,562
P2,2025-09-05,1,1432,46.19496969972067,3.3674030405386848,40.52317,54.9148,1432,557.3198324022346,130.33618176569578,409,943
P2,2025-09-06,0,850,49.63894475294118,0.9504467856584264,47.08611,50.64832,850,410.7811764705882,3.0683802550068893,409,428
P2,2025-09-06,1,1402,49.24483080599144,1.1809647684480662,47.78299,50.81625,1402,408.7567760342368,0.6500758357312887,408,410
P2,2025-09-07,0,1072,48.00890622201492,0.46330681314000716,47.08868,48.56456,1072,433.86660447761193,9.550393367972077,422,454
P2,2025-09-07,1,1440,48.72187775694445,0.45762134491163164,47.64225,49.30462,1440,439.7604166666667,12.41365854693145,417,457
P2,2025-09-08,0,720,48.77515475,0.16331481297076159,48.35554,49.08548,720,422.1069444444444,1.752711103940844,419,427
P2,2025-09-08,1,269,43.101394460966546,3.37540277249892,39.12092,49.20308,269,414.43122676579924,10.11389942352264,408,447
P2,2025-09-09,0,721,41.393086213592234,1.3545709211346473,39.76984,44.12234,721,599.1664355062413,82.39055052798585,477,728
P2,2025-09-09,1,1092,42.22015870879121,2.024220311952673,38.87559,49.02854,1092,784.209706959707,194.20102357922147,504,1299
P2,2025-09-10,0,1440,45.06808466666667,0.9367871278682065,41.86402,47.16563,1440,439.84027777777777,23.878911347673238,410,526
P2,2025-09-10,1,1440,42.51619578472222,1.9187816174325019,39.65307,47.03245,1440,619.8909722222222,135.62591595112224,435,971
P2,2025-09-11,0,1440,43.70819220833333,2.8857538301491004,38.3573,47.96298,1440,457.05902777777777,63.48077022275552,410,611
P2,2025-09-11,1,1440,40.82096855555555,3.1474175000648024,36.07992,47.97994,1440,652.6583333333333,199.31855747101926,409,1178
P2,2025-09-12,0,1440,43.121451416666666,3.800373011895582,37.27234,47.04566,1440,510.5527777777778,111.42842833559324,410,746
P2,2025-09-12,1,1440,41.69522722916667,2.710039463178365,38.91032,48.67994,1440,635.4402777777777,139.87696585219905,408,842
P2,2025-09-13,0,1440,49.18009001388889,1.1974709232120535,45.43663,50.21349,1440,427.06944444444446,14.218562375357248,410,466
P2,2025-09-13,1,1440,49.38212364583334,0.17606879261007952,48.94419,49.8048,1440,419.1701388888889,6.447376977527881,410,432
P2,2025-09-14,0,1440,48.257080555555554,1.6027935250653444,46.38715,50.17147,1440,410.8076388888889,2.278661319605624,409,418
P2,2025-09-14,1,1440,48.63189156944444,1.1734751540945851,46.7315,50.18002,1440,418.06180555555557,11.395398511289576,409,442
P2,2025-09-15,0,1440,44.870310527777775,3.5441451040219003,38.66004,48.54981,1440,491.5284722222222,105.712752892643,410,720
P2,2025-09-15,1,1440,41.398460138888886,3.5917076674257347,37.72222,52.21294,1440,676.0006944444444,194.61358695490293,408,1200
P2,2025-09-16,0,1440,45.58080167361111,5.637959898661722,37.51017,52.43593,1440,496.9611111111111,97.09721535747185,420,712
P2,2025-09-16,1,1441,43.230640242886885,4.919189652923555,35.88799,52.88438,1441,612.8792505204719,117.6729253221929,424,798
P2,2025-09-17,0,1440,46.49738713888889,5.117890004109341,38.68571,52.87749,1440,502.04791666666665,118.25567316079004,410,795
P2,2025-09-17,1,1440,45.16311486111111,4.3350414531654256,39.47082,53.46366,1440,593.3263888888889,123.67868038344983,410,795
P2,2025-09-18,0,1440,46.724425312499996,4.217323153406504,40.13274,52.04407,1440,470.75625,76.74275614734638,410,672
P2,2025-09-18,1,1440,44.68738798611111,3.845105303428026,39.48001,53.30077,1440,645.7118055555555,175.8837220118226,407,1059
P2,2025-09-19,0,1440,45.04779108333333,2.0128225073091195,39.55162,47.69401,1440,476.56458333333336,72.85841645978282,418,656
P2,2025-09-19,1,1440,41.33888385416667,3.397492356596965,37.08131,48.04822,1440,585.7736111111111,110.73743023626515,416,711
P2,2025-09-20,0,720,48.85244952777777,0.43036299500103764,47.6709,49.45824,720,426.825,5.5101310157606855,420,443
P2,2025-09-20,1,543,45.7722823388582,2.6959100505380102,41.03931,48.38219,543,458.6500920810313,34.37082124873567,427,548
P2,2025-09-23,1,36,49.012550555555556,2.4499790891071993,46.01625,53.98452,36,412.0833333333333,15.400139145939097,409,500
P3,2025-07-17,0,55,57.45376672727273,2.204084880474718,54.18975,61.38448,55,524.6909090909091,12.268406771614897,500,558
P3,2025-07-18,0,1438,45.05333882475661,6.37103562312497,35.41397,55.23505,1438,595.5855354659249,101.9145704272494,481,842
P3,2025-07-18,1,836,36.58069349282297,3.870901193951804,32.52668,50.5551,836,714.8480861244019,123.45899805168321,452,966
P3,2025-07-19,0,1441,42.86140758501041,0.7621215599159499,40.69049,44.60039,1441,465.0312283136711,28.221243903281852,414,532
P3,2025-07-19,1,1440,41.38046998611111,1.4372201840905858,38.3627,43.6693,1440,451.55069444444445,13.006447839836554,420,480
P3,2025-07-20,0,1079,43.5902552734013,0.7250726672964481,41.02077,44.87031,1079,431.74884151992586,9.346898131806219,412,485
P3,2025-07-20,1,1440,42.34656829166667,1.18928528050091,39.77575,44.45539,1440,424.7625,10.103590448860585,400,454
P3,2025-07-21,0,768,38.269365859375,2.317133042083536,34.28473,44.79251,768,629.98828125,107.63671391872744,461,829
P3,2025-07-21,1,1142,35.95092458844133,2.147576607354137,32.25116,44.76553,1142,779.8441330998248,107.19100979874894,466,927
P3,2025-07-22,0,1438,40.32217672461753,1.8392836902112752,36.37841,43.19455,1438,564.2489568845618,102.74959892349442,472,828
P3,2025-07-22,1,1440,38.10284677083333,2.8082836383787417,32.6941,44.56349,1440,759.1409722222222,185.21511709030665,448,1009
P3,2025-07-23,0,1437,40.153040354906054,3.225593832145177,34.72505,44.80828,1437,566.1544885177453,93.27384915194142,475,790
P3,2025-07-23,1,1406,37.76380323613087,3.381815644468297,32.51822,45.53506,1406,838.9359886201992,371.6143834570368,430,1964
P3,2025-07-24,0,1432,40.32709854748604,1.883999412586411,34.81927,43.18006,1432,588.3624301675977,117.38645553562228,472,861
P3,2025-07-24,1,1433,38.323259441730634,2.4196474312727774,34.29519,44.46971,1433,695.3412421493371,130.70718194126061,468,858
P3,2025-07-25,0,1439,41.09396295343989,2.923377560021676,34.16911,44.50661,1439,575.6789437109104,109.07079935164195,467,870
P3,2025-07-25,1,1440,37.730848458333334,3.320127673073184,31.31746,45.29138,1440,719.2180555555556,166.59376533369473,445,1098
P3,2025-07-26,0,1440,47.14002893055555,1.7101584384721862,43.18968,49.57454,1440,467.2993055555556,36.01208197483599,403,519
P3,2025-07-26,1,1440,47.92151121527778,0.5703689278767603,46.33321,49.3566,1440,488.75,7.010465719471899,468,504
P3,2025-07-27,0,1441,47.92424940319222,0.65836198663787,46.54453,49.7552,1441,420.77862595419845,17.114572690793857,400,453
P3,2025-07-27,1,1440,47.91005340277778,0.6464164901363628,46.59672,49.67262,1440,410.56944444444446,3.2017038067017443,400,418
P3,2025-07-28,0,1434,44.10223043235705,3.6771448736760477,37.43561,48.83731,1434,526.7810320781032,108.08719840585725,430,779
P3,2025-07-28,1,1440,41.76710671527778,3.4662208282020144,36.26492,49.57027,1440,693.6625,154.26928789049546,432,938
P3,2025-07-29,0,1430,43.482100461538465,1.954027013528763,38.94485,46.63472,1430,521.4370629370629,82.37960163375075,443,740
P3,2025-07-29,1,1439,39.80882089645587,3.43341052208124,35.18615,47.9812,1439,707.227936066713,167.8627519813756,411,909
P3,2025-07-30,0,1432,45.79303328910615,2.1617689271730582,41.33895,49.72688,1432,551.629189944134,117.06534486540343,432,784
P3,2025-07-30,1,1440,43.819618319444444,3.072157938382115,38.68071,51.74879,1440,929.6631944444445,463.9889871099857,400,1947
P3,2025-07-31,0,1437,45.91888080027836,2.297362066537501,39.46775,49.41982,1437,608.8315935977731,141.9470487743425,476,1268
P3,2025-07-31,1,1440,42.207082319444446,3.224731051994145,37.18637,49.08212,1440,798.9930555555555,245.68818400554343,444,1350
P3,2025-08-01,0,1436,47.01001821727019,2.4998870506825246,41.39709,50.01369,1436,580.9770194986072,84.20995100245042,482,798
P3,2025-08-01,1,1441,43.81954816793893,3.0261508239821744,39.83121,50.88191,1441,704.9097848716169,135.34976365788518,460,856
P3,2025-08-02,0,1440,49.063194576388895,0.6234733269465941,47.25743,50.06083,1440,482.3027777777778,45.543463642265436,400,546
P3,2025-08-02,1,1440,50.05168205555556,0.9575383691624649,47.49123,51.46866,1440,510.2125,6.916406203668734,482,530
P3,2025-08-03,0,1437,48.26694064718163,1.1193425857964445,45.57732,49.88214,1437,429.6367432150313,18.502811273981276,400,470
P3,2025-08-03,1,1440,47.28057098611111,2.499956460613409,43.3601,50.63515,1440,417.7951388888889,9.731937563341553,400,441
P3,2025-08-04,0,1438,45.987218623087614,2.939495810154066,39.54709,49.10455,1438,546.2726008344923,104.72292747175926,434,811
P3,2025-08-04,1,1440,40.88119897916666,3.6943678738813275,34.09578,49.00848,1440,692.9375,152.1681122361547,423,957
P3,2025-08-05,0,1433,46.93464173063503,3.7788938293610768,39.59479,51.32546,1433,577.2777390090719,94.64141918932386,482,791
P3,2025-08-05,1,1440,42.43265028472222,4.229777529482446,34.74042,51.50481,1440,764.2069444444444,166.93284766424793,485,982
P3,2025-08-06,0,1438,45.10270657162726,4.3551664948333775,39.33163,50.33902,1438,591.2726008344923,104.4022557010035,491,855
P3,2025-08-06,1,1440,40.90844397222222,4.42538738731356,33.45489,50.33787,1440,880.875,433.7663275240208,487,2143
P3,2025-08-07,0,1439,40.135430514246,1.5582929598994915,36.4124,43.55926,1439,576.9034051424601,92.83160900768705,484,781
P3,2025-08-07,1,1441,38.558979125607216,1.6111185722373924,36.06565,42.14166,1441,723.4906315058987,147.30438564491547,482,1011
P3,2025-08-08,0,1434,41.92214133193863,3.32492613292172,36.30907,46.41151,1434,582.7412831241284,106.47394019857134,487,824
P3,2025-08-08,1,1440,39.118597638888886,3.668699934754963,34.57199,46.29467,1440,695.9590277777778,123.14778260454489,486,827
P3,2025-08-09,0,1440,44.8969009375,2.968599827829905,39.08908,49.80642,1440,471.6347222222222,39.854389799646945,409,537
P3,2025-08-09,1,1440,40.90963695138889,5.357257538663214,33.77795,49.45699,1440,493.24791666666664,27.45964875528688,440,533
P3,2025-08-10,0,1440,44.85068465277778,1.3612846963376601,42.27335,47.1464,1440,442.0541666666667,21.530264992154464,407,483
P3,2025-08-10,1,1440,42.80517770833333,1.6369533898189907,39.67545,45.94566,1440,421.73819444444445,15.82040227298003,400,450
P3,2025-08-11,0,1433,43.22532311933008,2.118562641213833,38.44258,46.0281,1433,568.0516399162595,109.12514015632878,471,812
P3,2025-08-11,1,1440,38.49787052777778,2.858873960772755,34.40128,45.74578,1440,704.1125,151.97688683263996,434,880
P3,2025-08-12,0,1438,44.24776987482615,1.4190143494309573,40.29391,47.25686,1438,560.201668984701,99.05591764129761,476,818
P3,2025-08-12,1,1440,40.921867444444445,2.554036717680916,36.12523,46.2074,1440,767.4486111111111,165.5668348054847,485,1041
P3,2025-08-13,0,1438,44.62213297635605,2.493855846972428,39.34708,47.92261,1438,566.249652294854,124.59757734532542,458,911
P3,2025-08-13,1,1440,40.445768118055554,3.92295955515612,33.4314,48.45682,1440,802.9576388888889,240.10424597237434,444,1319
P3,2025-08-14,0,1434,44.28870751743375,2.105832061871763,38.63144,46.45566,1434,547.0292887029289,93.15177108513605,459,789
P3,2025-08-14,1,1440,40.768603347222225,3.1992384021455194,34.701,46.97568,1440,730.2208333333333,168.6521760316024,457,1001
P3,2025-08-15,0,1440,43.805892909722225,2.371490611310249,38.96775,46.58077,1440,538.1083333333333,87.89303112353893,464,758
P3,2025-08-15,1,1440,40.49763330555555,3.121515365470554,36.71037,47.07864,1440,687.9444444444445,130.92941818893692,463,864
P3,2025-08-16,0,1440,45.426916694444444,1.2642028970086907,41.87659,47.55158,1440,462.21180555555554,23.495543902113287,421,500
P3,2025-08-16,1,1440,43.755321118055555,2.7160935772787247,39.69534,47.58173,1440,457.1125,16.125070906643,432,487
P3,2025-08-17,0,1440,43.9871195,2.245775133224645,39.36378,46.47759,1440,431.80347222222224,15.422369037862282,407,461
P3,2025-08-17,1,1440,41.601869854166665,2.807716252432056,37.75247,45.94342,1440,413.78055555555557,12.40969200114473,400,435
P3,2025-08-18,0,1439,34.317061445448225,4.705360733614386,28.40529,44.03385,1439,647.3127171646977,219.90249020821614,442,1102
P3,2025-08-18,1,1440,33.16911923611111,2.9321032777763456,27.4774,39.92026,1440,817.0805555555555,244.63371472857423,400,1127
P3,2025-08-19,0,1432,31.380410412011177,2.1047041649397356,29.16169,35.68088,1432,688.6675977653631,142.30068208048172,526,981
P3,2025-08-19,1,1440,32.62954852083333,1.5182660881940953,29.75024,36.486,1440,890.7652777777778,279.40836017032615,513,1492
P3,2025-08-20,0,1439,31.35552533009034,1.8133211631698336,29.13496,34.88858,1439,697.3766504517025,145.29361633657808,500,1018
P3,2025-08-20,1,1480,32.22909250675676,1.5731197722385069,29.37039,36.40629,1480,855.7358108108108,206.75890278866171,496,1118
P3,2025-08-21,0,1439,32.956782654621264,1.958912377091473,30.75727,37.3069,1439,683.6157053509381,117.74498174760933,500,931
P3,2025-08-21,1,1440,34.1573738125,1.5954397917725434,30.90811,38.14296,1440,848.6791666666667,212.50417283234808,531,1209
P3,2025-08-22,0,1442,30.922432163661583,2.4859353388110437,26.01647,33.66842,1442,721.6581137309292,147.19095041764695,551,979
P3,2025-08-22,1,1440,31.5572210625,3.8978633740536877,24.72352,36.25159,1440,801.2631944444445,169.88233521307154,544,1140
P3,2025-08-23,0,1440,28.245098368055555,0.5420666310894744,26.29706,28.84941,1440,521.5013888888889,80.78697352843965,413,685
P3,2025-08-23,1,1440,27.325500659722223,1.23443843278645,24.95977,28.861,1440,501.47291666666666,18.68351206748399,470,547
P3,2025-08-24,0,1440,27.54487240972222,1.1896462672567893,25.53122,29.11408,1440,438.7076388888889,18.393164197856954,407,470
P3,2025-08-24,1,1440,26.71476496527778,1.7279448352456208,24.13445,29.07873,1440,426.53819444444446,19.508340001336528,400,467
P3,2025-08-25,0,1439,27.13310637943016,0.5297855839707241,26.21278,28.38723,1439,641.7581653926338,191.81032703898288,447,977
P3,2025-08-25,1,1440,30.0442189375,2.2930093858067147,26.5854,35.69374,1440,783.0840277777778,226.27268480586793,401,1129
P3,2025-08-26,0,962,26.20277752598753,0.4080249685346068,25.68485,27.29585,962,684.0634095634096,169.15101446366205,543,998
P3,2025-08-26,1,1440,28.209123715277777,2.1697088566772558,25.90485,34.59964,1440,871.9493055555556,197.8990366323292,531,1208
P3,2025-08-28,0,716,35.45910413407822,2.5261959193639196,31.52893,39.46225,716,656.5586592178771,76.97387202073226,559,839
P3,2025-08-28,1,1080,29.052305212962963,2.374692013237925,26.49566,36.88367,1080,917.6564814814815,157.0852485292478,606,1242
P3,2025-08-29,0,1334,38.914903388305845,3.0881691160054534,31.30476,43.83635,1334,595.5359820089955,74.52136732638971,527,783
P3,2025-08-29,1,255,35.159090745098034,4.45224338168591,28.75492,41.7278,255,699.2823529411764,146.2357021826991,525,940
P3,2025-08-30,0,1440,43.56454920138889,1.766307480773309,38.66038,45.84537,1440,495.94097222222223,49.37938662977251,417,559
P3,2025-08-30,1,1440,40.628257680555556,3.449760922433378,35.36409,45.82066,1440,498.54583333333335,16.668683628245393,469,538
P3,2025-08-31,0,1440,43.1709455625,1.8249100942911434,39.8312,45.8446,1440,446.18541666666664,24.59946684606169,421,492
P3,2025-08-31,1,1440,41.25367039583333,2.5680308746335467,37.23833,45.75651,1440,424.9590277777778,8.843578630922813,405,442
P3,2025-09-01,0,1437,40.23063402922756,2.7564144320518595,35.3225,44.37579,1437,552.6527487821851,86.11597301861669,479,772
P3,2025-09-01,1,1399,34.14234032880629,2.893660367535091,30.64855,42.61153,1399,698.3073624017155,143.69096805985902,417,871
P3,2025-09-02,0,960,45.629251458333336,3.5062391372814976,38.062,49.24356,960,590.7677083333333,154.70689161709964,493,950
P3,2025-09-02,1,1440,39.10146653472222,4.265589986841248,33.88551,49.3062,1440,806.9027777777778,185.80890223754608,484,1038
P3,2025-09-04,0,240,39.44006095833333,0.7426414066434925,37.70649,40.93037,240,800.2166666666667,115.07848392139022,695,1092
P3,2025-09-04,1,1010,39.008079158415846,1.7297496846936082,36.84133,44.24088,1010,885.4821782178218,160.56494716742552,686,1274
P3,2025-09-05,0,713,37.249514179523146,1.567267138450512,35.46498,40.6741,713,603.2594670406733,74.81678932112987,515,773
P3,2025-09-05,1,994,36.797868219315895,1.5924270707631984,33.59349,39.68957,994,786.4808853118712,48.70853918304631,654,868
P3,2025-09-06,0,844,42.19395843601896,1.1490781504941154,39.32069,43.9503,844,499.90876777251185,13.395878295233024,424,524
P3,2025-09-06,1,1387,40.889424945926464,1.455546005022486,38.44296,44.01636,1387,474.85219899062724,11.37586559486892,443,509
P3,2025-09-07,0,1048,41.55498420801526,0.8753970709810701,39.57545,42.67673,1048,456.912213740458,16.84952006220868,422,491
P3,2025-09-07,1,1441,39.72833144344205,1.030963577868273,37.85772,41.42039,1441,438.9590562109646,9.565366647893859,415,468
P3,2025-09-08,0,1196,41.256213411371235,2.6484424411481986,35.76443,44.0541,1196,509.1948160535117,55.497940765141614,460,668
P3,2025-09-08,1,270,42.51454018518518,2.5831680104511516,37.65893,46.59477,270,420.5925925925926,26.680624187003673,400,479
P3,2025-09-09,0,1431,38.92846523410203,2.299911115478031,34.80494,41.67686,1431,567.2543675751223,123.0982591499007,453,838
P3,2025-09-09,1,1441,39.22301637751561,3.104619872748204,34.13299,46.64737,1441,726.5503122831367,160.43706927042462,456,936
P3,2025-09-10,0,1430,39.6588772937063,2.3362227221011325,34.62138,42.95817,1430,510.2027972027972,46.335747881180296,469,678
P3,2025-09-10,1,1440,38.28183984722222,2.9964272956244637,34.53305,44.10188,1440,705.1319444444445,152.64039990156428,455,903
P3,2025-09-11,0,1439,38.44260105628909,1.5144656309006965,35.079,40.1927,1439,547.1772063933287,93.4199612513376,475,774
P3,2025-09-11,1,1440,37.57593927777778,2.110449205477502,33.63445,42.44096,1440,705.9694444444444,145.25909050471427,457,994
P3,2025-09-12,0,1439,41.46999256428075,1.9132594038814452,39.36457,47.18378,1439,573.3655316191799,110.71208927197344,465,802
P3,2025-09-12,1,1440,39.42113908333334,1.3835675071658782,36.91565,44.02343,1440,694.5076388888889,144.96562079790996,448,874
P3,2025-09-13,0,1440,48.55809352083334,0.8695525446218108,46.81914,50.37365,1440,482.2006944444444,40.987591126359014,412,534
P3,2025-09-13,1,1440,45.81153709722222,1.1733485972994875,43.93126,48.75774,1440,498.03263888888887,13.825917237999406,478,535
P3,2025-09-14,0,1440,46.61029996527778,2.454932550722646,42.38698,49.63299,1440,428.00069444444443,13.294729248302241,408,452
P3,2025-09-14,1,1440,45.18131518055556,2.361922519215348,41.57906,48.55238,1440,421.92569444444445,9.858027961628872,400,440
P3,2025-09-15,0,1439,44.32424920778318,3.4112095691722453,38.18208,48.50508,1439,560.447533009034,138.72452914036876,440,943
P3,2025-09-15,1,1440,41.422790104166666,3.431268568826384,36.67698,48.41526,1440,771.4444444444445,206.94336502458034,452,1168
P3,2025-09-16,0,1439,45.428292411396804,4.289369629118813,39.33527,50.68421,1439,577.3259207783183,119.26041836020599,475,987
P3,2025-09-16,1,1440,43.119564527777776,3.7585558686600526,37.12887,50.61446,1440,797.6006944444445,217.4480957762334,475,1194
P3,2025-09-17,0,1437,46.00067542797495,2.8931673767886927,41.39809,50.21586,1437,590.0153096729297,129.11644693266143,475,869
P3,2025-09-17,1,1440,43.16999635416667,3.2227513046518754,38.14791,49.9166,1440,737.4645833333333,162.39188565498216,451,1060
P3,2025-09-18,0,1432,43.76933970670391,3.028529593798268,38.95972,47.26479,1432,561.5286312849162,95.63105651425745,470,783
P3,2025-09-18,1,1440,40.96424288888889,2.921653037680858,36.39285,47.10593,1440,730.1729166666667,169.26427466971577,452,989
P3,2025-09-19,0,1429,43.215016717984604,2.1267425298731464,41.20521,48.50974,1429,537.9062281315605,83.92179664055853,456,724
P3,2025-09-19,1,1441,40.51840079111728,1.8230707555356864,37.61013,44.90034,1441,661.380985426787,118.39196856851558,459,795
P3,2025-09-20,0,1440,47.37795011805556,2.1222597490829833,42.37504,51.06495,1440,485.7993055555556,16.597240142186983,431,528
P3,2025-09-20,1,1103,50.03931210335449,3.6525192825825097,45.91128,62.42838,1103,515.4106980961016,20.116560381917566,442,555
P3,2025-09-21,0,1440,38.42388292361111,3.0823934900352894,33.46537,44.58475,1440,441.4548611111111,18.72056069177629,401,482
P3,2025-09-21,1,1440,36.4975073125,2.0659722634214965,33.66614,43.50698,1440,457.1694444444444,19.84076036232177,400,496
P3,2025-09-22,0,1430,39.10358985314685,1.284485050989736,36.71554,42.23286,1430,543.3797202797202,137.576883046161,416,1066
P3,2025-09-22,1,1428,41.0970350210084,2.275696385195969,36.06837,47.3061,1428,902.0217086834734,416.29830715187035,424,1978
P3,2025-09-23,0,720,43.638803236111116,0.6096751527296136,42.16607,44.53886,720,476.4222222222222,11.038284902129954,450,510
P3,2025-09-23,1,375,44.920180853333335,0.927870901096375,43.66469,48.1188,375,479.368,43.36258077841669,436,718
