device_id,hour,temperature_noise,humidity_noise,pressure_noise,gas_resistance_noise,co2_noise
P1,2025-09-15 22:00:00,0.012494356650339591,0.06597810679411059,0.010298778114405018,373.6132511468765,
P1,2025-09-15 23:00:00,0.010277099774435014,0.06903208171310198,0.013821873898243166,407.7887774139061,
P1,2025-09-16 00:00:00,0.013307403486616467,0.10009069052995828,0.01491847836442124,413.8922075569532,
P1,2025-09-16 01:00:00,0.005648168457874841,0.10742527946393966,0.020090149195192218,367.0330410609553,
P1,2025-09-16 02:00:00,0.007927368683834661,0.17971379202530086,0.019942766484853776,422.93139844925804,
P1,2025-09-16 03:00:00,0.01037454089433117,0.15350852611616309,0.010834404842855253,366.84464629466186,
P1,2025-09-16 04:00:00,0.014606471737463921,0.2341061751008804,0.01635525442896137,404.16278435993536,
P1,2025-09-16 05:00:00,0.00876485511768867,0.2544070261217099,0.019526691226423296,384.97744356177543,
P1,2025-09-16 06:00:00,0.01513725411433562,0.3040693586594098,0.025894858166704875,502.09245260419846,
P1,2025-09-16 07:00:00,0.019906624872502027,0.20781542526757718,0.019592436528206632,487.1078772351074,
P1,2025-09-16 08:00:00,0.08533134212596558,0.7468817281767173,0.02269739996923901,1996.6034957186666,
P1,2025-09-16 09:00:00,0.2132718979051695,0.7201350085794846,0.021453459093099415,1642.0920135541253,
P1,2025-09-16 10:00:00,0.17699815474948707,0.7788179047455215,0.030565638650215173,2482.2277555855267,
P1,2025-09-16 11:00:00,0.12232242182883256,0.6427707783615546,0.02604130917675072,2367.8301886852264,
P1,2025-09-16 12:00:00,0.2567988184916859,1.2814763990393028,0.022277095314652468,5035.397478133532,
P1,2025-09-16 13:00:00,0.24012943228769068,1.1410028600617248,0.0188127801666742,5035.153575320476,
P1,2025-09-16 14:00:00,0.24114317189789275,1.1175951889198052,0.02855711477975953,5024.124820437504,
P1,2025-09-16 15:00:00,0.274303845300409,1.5632179564513542,0.026267341086075927,5837.131011223024,
P1,2025-09-16 16:00:00,0.2669844737078781,1.1987388843086486,0.03371804893837686,5259.864358839749,
P1,2025-09-16 17:00:00,0.30629170220534585,1.3798288031944292,0.03345044418389677,5141.120732061931,
P1,2025-09-16 18:00:00,0.3318869767195735,1.6320783392488039,0.03046257814066263,6064.334879404226,
P1,2025-09-16 19:00:00,0.3225079866656942,1.5240252446840719,0.031002713491839907,6434.802301578091,
P1,2025-09-16 20:00:00,0.3064954586826381,1.4506572081237938,0.03849447362927506,5368.130426479942,
P1,2025-09-16 21:00:00,0.2979009490397159,1.1838067425256282,0.04198988964758917,4705.68923224273,
P1,2025-09-16 22:00:00,0.04774533625503417,0.17309635130642667,0.031215452539871087,742.9838744804089,
P1,2025-09-16 23:00:00,0.018292488161670412,0.0937648415467744,0.02573087100964644,412.1692815915947,
P1,2025-09-17 00:00:00,0.009093200852399067,0.10929747950964115,0.027227792324968372,411.74778220369154,
P1,2025-09-17 01:00:00,0.009495929564311327,0.15095938016700142,0.042019375175600976,411.9573654523013,
P1,2025-09-17 02:00:00,0.01103522133415343,0.19333122457313984,0.02865476658476281,513.2982860317929,
P1,2025-09-17 03:00:00,0.006725877977010667,0.11243825490405536,0.026818847919248007,379.0271738638426,
P1,2025-09-17 04:00:00,0.009332460920431239,0.11364974415296468,0.026306983412460933,351.64703276354595,
P1,2025-09-17 05:00:00,0.008328231694129657,0.14854371534653815,0.02242693223569643,465.4432214751021,
P1,2025-09-17 06:00:00,0.00737986485237418,0.10683886045007276,0.02447415375675993,443.8428578017765,
P1,2025-09-17 07:00:00,0.011936946886218026,0.10736576006355328,0.04296585401476582,419.39777602614674,
P1,2025-09-17 08:00:00,0.01029201539226135,0.16501051215117038,0.026258885432280867,395.1037656502244,
P1,2025-09-17 09:00:00,0.2810460911934176,0.97466863434122,0.025577515132661977,3683.1161873839383,
P1,2025-09-17 10:00:00,0.05632731447803199,0.416663456267167,0.01797494392144598,1899.8279470555935,
P1,2025-09-17 11:00:00,0.030071827094680263,0.25128627189754354,0.02669702455347712,905.0609258830291,
P1,2025-09-17 12:00:00,0.017271098189040247,0.26411265959188274,0.0419811738257263,707.9501276355405,
P1,2025-09-17 13:00:00,0.0633364820107616,0.43140593650840725,0.1754930436737701,1180.6052906308446,
P1,2025-09-17 14:00:00,0.06197787055889321,0.3743935370828922,0.20732464926859615,1692.1073034404426,
P1,2025-09-17 15:00:00,0.03042090955697817,0.20581059381780276,0.07862134851457835,2667.336744380596,
P1,2025-09-17 16:00:00,0.03669497064669202,0.1499012550253938,0.07796044701929997,2774.624402529936,
P1,2025-09-17 17:00:00,0.044782180686475284,0.1981316072366706,0.07866269935686918,2117.8811043676783,
P1,2025-09-17 18:00:00,0.020531411864786346,0.18328045142937216,0.0966494124836386,2051.1315241402863,
P1,2025-09-17 19:00:00,0.02361608758380311,0.20612507354308465,0.05002239449862493,1044.5026787542313,
P1,2025-09-17 20:00:00,0.01459026666408428,0.16871969880062235,0.05465427365855088,921.834195321122,
P1,2025-09-17 21:00:00,0.19318862638520828,0.5649247920692929,0.052658045523843906,2430.4720502714817,
P1,2025-09-17 22:00:00,0.016573974314006052,0.39041676845698814,0.031212801323263987,796.6872098383861,
P1,2025-09-17 23:00:00,0.008463851993539733,0.37438503642813376,0.030205632239390524,536.7109750948301,
P1,2025-09-18 00:00:00,0.010548148056693957,0.2115546172609156,0.03153340627292377,502.3889353730113,
P1,2025-09-18 01:00:00,0.012292486939078556,0.146711968201941,0.017847536589626952,537.6824374300143,
P1,2025-09-18 02:00:00,0.016431472159660357,0.1344256060538824,0.045588394229619224,595.1227557697368,
P1,2025-09-18 03:00:00,0.017804762864967422,0.14213936704253793,0.027997739761228473,519.7314926979109,
P1,2025-09-18 04:00:00,0.014398725347037901,0.21902916986717402,0.032691970530050844,572.9151167739457,
P1,2025-09-18 05:00:00,0.019985941903586674,0.27330214364650973,0.03484994860507556,516.0073568996203,
P1,2025-09-18 06:00:00,0.026340504813212512,0.30062946549805947,0.02531951071332047,538.3486315553271,
P1,2025-09-18 07:00:00,0.017485203495990195,0.28569469991414614,0.025548183431018355,529.3661719399882,
P1,2025-09-18 08:00:00,0.10176046930472127,0.3698044546419314,0.016772425269912062,994.8481658039597,
P1,2025-09-18 09:00:00,0.22401601118044223,0.6707898018002787,0.025059678263905424,3199.156284562417,
P1,2025-09-18 10:00:00,0.25871616380375484,0.5015190391150555,0.0401043822705415,3496.9696161943616,
P1,2025-09-18 11:00:00,0.08048412018652343,0.5901488879509257,0.022656386499539664,1950.9532758806085,
P1,2025-09-18 12:00:00,0.051284738322540276,0.19800710439537397,0.02201142005250723,929.4458520537931,
P1,2025-09-18 13:00:00,0.04578649407941425,0.19048265346750867,0.026044945536829057,769.0259297570786,
P1,2025-09-18 14:00:00,0.05067653751242129,0.20410124388533027,0.023831356472362585,15340.897765337239,
P1,2025-09-18 15:00:00,0.05923232547939787,0.23383847756361273,0.030656051691566148,9534.968591652949,
P1,2025-09-18 16:00:00,0.08107382593755183,0.3474005108343576,0.02737306753174019,2967.6242747008578,
P1,2025-09-18 17:00:00,0.056625419554579226,0.44074279737234967,0.030639310228525393,2416.3551315652476,
P1,2025-09-18 18:00:00,0.052685306594280876,0.26199353557332716,0.024436152616784473,6468.743719812673,
P1,2025-09-18 19:00:00,0.04660501595775751,0.2867941058807787,0.022886864794084385,2912.035133654098,
P1,2025-09-18 20:00:00,0.07836424473592851,0.31984152918021685,0.03622778358901643,2151.7756098294185,
P1,2025-09-18 21:00:00,0.02523562486990287,0.3269757175649593,0.026537609999553218,1329.1843377168873,
P1,2025-09-18 22:00:00,0.00804250201095697,0.15477981269156968,0.02215636061068595,631.4128061403038,
P1,2025-09-18 23:00:00,0.01330956824846894,0.12148914672240427,0.017176312025241867,624.0145892065431,
P1,2025-09-19 00:00:00,0.00789741725254469,0.13230988938856997,0.02483704509394407,666.7465985172258,
P1,2025-09-19 01:00:00,0.01073548053491439,0.15240385690174255,0.035424108172010936,588.3315643636931,
P1,2025-09-19 02:00:00,0.009209685043513917,0.2145427129416955,0.02141029657905943,715.5432848795278,
P1,2025-09-19 03:00:00,0.014176508726482118,0.21544761769102855,0.024117443772281595,687.1531715637406,
P1,2025-09-19 04:00:00,0.011510900229029368,0.22097678538679968,0.0154550253963004,577.9532414552352,
P1,2025-09-19 05:00:00,0.013706494491563205,0.2363531101262861,0.029260899137775572,813.7047998639961,
P1,2025-09-19 06:00:00,0.012710511522855674,0.21407474809424082,0.020133074892066567,721.0542984358119,
P1,2025-09-19 07:00:00,0.017510756760955218,0.1795418942050007,0.02823658635419191,583.750740010232,
P1,2025-09-19 08:00:00,0.015765835177932674,0.256523546718934,0.01670531425370188,763.1427848214677,
P1,2025-09-19 09:00:00,0.2358406211538418,0.9553334512107853,0.019117517426206175,3042.4340805854577,
P1,2025-09-19 10:00:00,0.10677469806664164,0.6511912628957459,0.024228933507953982,2605.069383606209,
P1,2025-09-19 11:00:00,0.2684989045805536,1.3410601963313087,0.031056384753541152,5568.018493777323,
P1,2025-09-19 12:00:00,0.2849554821054077,1.4464480842497556,0.028300146208448108,5820.799842699141,
P1,2025-09-19 13:00:00,0.26421001840140396,1.5396174686410702,0.03318394016535718,5574.6856367239,
P1,2025-09-19 14:00:00,0.2919440523531032,1.501902065783168,0.034137904892398346,5252.1540345917865,
P1,2025-09-19 15:00:00,0.28195616717993455,1.5069325931714914,0.03451417167314291,5333.351626684633,
P1,2025-09-19 16:00:00,0.2794833592394361,1.5046873949825506,0.03387065710902577,6117.447457461955,
P1,2025-09-19 17:00:00,0.2681496304372457,1.403532593313747,0.027667810389724545,5470.141416894235,
P1,2025-09-19 18:00:00,0.2558542627986105,1.4766036507824343,0.04656978020462438,5101.8103602767105,
P1,2025-09-19 19:00:00,0.24108835253479236,1.5527515952100788,0.0377052506131162,5463.857087652889,
P1,2025-09-19 20:00:00,0.24982104712631342,1.4956169850234031,0.023532422053529345,5551.272646969085,
P1,2025-09-19 21:00:00,0.21768647424528514,1.3131951023838788,0.04341842908704917,3690.578855796299,
P1,2025-09-19 22:00:00,0.015013661417415424,0.1654892032933684,0.04121332428633492,510.37258057464334,
P1,2025-09-19 23:00:00,0.010267931618760981,0.149712152683344,0.041645443677015725,470.18420344863046,
P1,2025-09-20 00:00:00,0.00924305465327925,0.21256278503549317,0.03211512341253248,452.4842689275181,
P1,2025-09-20 01:00:00,0.010243639003182124,0.19801212334660226,0.029434622723442255,539.269725469432,
P1,2025-09-20 02:00:00,0.009031533937726334,0.16692879436871375,0.03125646246296943,506.4902292970955,
P1,2025-09-20 03:00:00,0.01069029420486748,0.20220379815018058,0.01993217516062785,626.574051701373,
P1,2025-09-20 04:00:00,0.013464764522123477,0.20214945232482,0.02396713928785993,674.3518912654243,
P1,2025-09-20 05:00:00,0.016082217425869107,0.18347291951240768,0.02910148843288209,475.89196424792425,
P1,2025-09-20 06:00:00,0.016820318392100003,0.17799423325966532,0.02812210567425,474.01228140788356,
P1,2025-09-20 07:00:00,0.016563118882635404,0.14857569374126228,0.028910700475986373,434.24416176886297,
P1,2025-09-20 08:00:00,0.03566412870443353,0.22725620738716218,0.027260186423980603,646.3287038694806,
P1,2025-09-20 09:00:00,0.016681904005477366,0.24094095952232278,0.021563849807868355,633.4049621532522,
P1,2025-09-20 10:00:00,0.0092447081391686,0.21044804304053996,0.016908477405626142,671.753568587205,
P1,2025-09-20 11:00:00,0.007988938130556095,0.17761890783243606,0.023637524125336214,717.3047106110117,
P1,2025-09-20 12:00:00,0.008499467806596103,0.2180253573353067,0.02155037861459544,634.4671426313421,
P1,2025-09-20 13:00:00,0.022007281770606475,0.39769781682769834,0.023089616177811446,916.3630364996463,
P1,2025-09-20 14:00:00,0.028618663576340395,0.3775279239704194,0.02509834252306943,1054.1151977732409,
P1,2025-09-20 15:00:00,0.016570775066285133,0.22015692260971673,0.02692510659839608,1210.6192873818923,
P1,2025-09-20 16:00:00,0.02034273788310263,0.4317037843049082,0.018186719745219626,843.6818891839154,
P1,2025-09-20 17:00:00,0.0500504227274296,0.42180735825002474,0.026042484440377926,1002.8943915171172,
P1,2025-09-20 18:00:00,0.022125781687096193,0.23671126168653517,0.02168550176618435,660.3235195326756,
P1,2025-09-20 19:00:00,0.013944993506230866,0.16909785101369929,0.02183399490273977,654.120311343913,
P1,2025-09-20 20:00:00,0.012246891478948571,0.1992915999764992,0.023300086498106044,806.5599706107303,
P1,2025-09-20 21:00:00,0.014904732717774621,0.17340318179512154,0.021839164176720577,881.7708848813401,
P1,2025-09-20 22:00:00,0.021361727832274698,0.17733103634193242,0.021843644160857777,1060.1125708421118,
P1,2025-09-20 23:00:00,0.015232087537821157,0.17408246878041247,0.019010908132304046,841.743178858579,
P1,2025-09-21 00:00:00,0.018836119438061336,0.17428823407178462,0.019668889408589636,1075.3453051365059,
P1,2025-09-21 01:00:00,0.018873965326928942,0.17150617853441774,0.021574976091146055,845.6883012887716,
P1,2025-09-21 02:00:00,0.015096373291723041,0.17482429702515215,0.020197649584414137,885.185089137184,
P1,2025-09-21 03:00:00,0.012452455077771627,0.16934232292292575,0.020519143098467568,1052.5694274644518,
P1,2025-09-21 04:00:00,0.018005586065234853,0.181985377720842,0.02382869701127232,913.9509525286721,
P1,2025-09-21 05:00:00,0.016672791953350072,0.16604168438948375,0.024124390500195714,851.2561886633747,
P1,2025-09-21 06:00:00,0.013633057824963398,0.13498634536749,0.02215864196423634,791.4799069208747,
P1,2025-09-21 07:00:00,0.14542790216487414,0.3554453979413856,0.018939604771439654,1889.1145781457624,
P1,2025-09-21 08:00:00,0.0824584651204424,0.3899511335163135,0.0234137577959464,1323.657125003596,
P1,2025-09-21 09:00:00,0.03972297490670548,0.4790353484319886,0.023107405597994762,1818.3912447243215,
P1,2025-09-21 10:00:00,0.22653321749932767,1.2684284157031953,0.02777220186133193,4090.7411434242704,
P1,2025-09-21 11:00:00,0.3406315724783821,1.4277894185587914,0.0293839414354322,3999.399718769295,
P1,2025-09-21 12:00:00,0.4279036062054129,1.7802449650565235,0.026197172276600508,5485.562946520831,
P1,2025-09-21 13:00:00,0.30126030800350895,1.2870628609738148,0.021141516505171404,3281.529170707359,
P1,2025-09-21 14:00:00,0.2643810921701283,1.176199163852353,0.029735318595710058,2851.019860447365,
P1,2025-09-21 15:00:00,0.20739022460242298,1.006332003736726,0.026692920161263758,2978.0913778727413,
P1,2025-09-21 16:00:00,0.3236479844435601,1.3207651844156227,0.022378585822422765,3534.7834754470177,
P1,2025-09-21 17:00:00,0.318631182397175,1.3234830255774892,0.03247427877508917,3734.436178981896,
P1,2025-09-21 18:00:00,0.17465236043355467,0.7578891161142947,0.025674252766148205,2684.8048122078994,
P1,2025-09-21 19:00:00,0.010099043059515,0.062357887986634664,0.021651381769367168,664.890274551874,
P1,2025-09-21 20:00:00,0.007479576235257245,0.04308020422365446,0.025602748783670897,738.3016782559753,
P1,2025-09-21 21:00:00,0.009004365123579985,0.07824941608716159,0.026504267009983182,932.0166028448372,
P1,2025-09-21 22:00:00,0.021566767417234595,0.07609457774709477,0.01859243003582925,674.4689657095365,
P1,2025-09-21 23:00:00,0.02270060093234312,0.10381025231156339,0.01907565117303801,964.082252628758,
P1,2025-09-22 00:00:00,0.02284808141013223,0.1078043830795987,0.02966465558391722,848.0787404427577,
P1,2025-09-22 01:00:00,0.02377515252031148,0.09245178544748664,0.02756156572150555,742.6235027460073,
P1,2025-09-22 02:00:00,0.022067678825796713,0.0993068494512195,0.02235056540344718,595.5489201846677,
P1,2025-09-22 03:00:00,0.01844237372197078,0.1345637206196935,0.014645149573885846,656.3583901978715,
P1,2025-09-22 04:00:00,0.02595035638721644,0.12645892531990136,0.018154047298903322,820.0435935863942,
P1,2025-09-22 05:00:00,0.021216282354486513,0.10716436757145685,0.025288493595051444,915.7297805513971,
P1,2025-09-22 06:00:00,0.03243175475215401,0.13929141795879688,0.020842562613394604,579.2520637255693,
P1,2025-09-22 07:00:00,0.044946949576495705,0.29258906760441955,0.02571868367590978,996.693864216295,
P1,2025-09-22 08:00:00,0.13110777585580763,0.5389451261992524,0.02253221046608567,1301.043065037753,
P1,2025-09-22 09:00:00,0.14530920231802347,0.36184130057960884,0.02563667758196065,1371.9053426867104,
P1,2025-09-22 10:00:00,0.1939091861736036,1.0954616834267048,0.029515668919054903,3904.385973360432,
P1,2025-09-22 11:00:00,0.2485558801840254,1.2109555756368726,0.030026926301436982,4419.615074156717,
P1,2025-09-22 12:00:00,0.2685242743509518,1.2661069129248583,0.033317198279102546,4866.637901298712,
P1,2025-09-22 13:00:00,0.2877786672401739,1.288917374779412,0.032771149145341856,5128.396470548992,
P1,2025-09-22 14:00:00,0.27712252968565115,1.272736936479722,0.024272369420755183,5016.241843865404,
P1,2025-09-22 15:00:00,0.2698862736656564,1.2755869006404947,0.030258809127203,4406.4313299417645,
P1,2025-09-22 16:00:00,0.17016679981024552,0.7835093337688959,0.023390807054808845,2641.7873921536916,
P1,2025-09-22 17:00:00,0.20591825952604134,1.1208929145991136,0.023605859270479545,3831.8631945229513,
P1,2025-09-22 18:00:00,0.24196239588708318,1.5020903533112202,0.016108227423698777,4567.2608700722085,
P2,2025-09-15 22:00:00,0.3174437209292517,2.3256478237168214,0.02805419899934946,116.25150545231807,
P2,2025-09-15 23:00:00,0.3639455381906191,3.506194611987142,0.027493594785798558,162.0467940209818,
P2,2025-09-16 00:00:00,0.35390748587998055,3.149378975316804,0.02734777768348017,143.57818720499696,
P2,2025-09-16 01:00:00,0.2950123699425194,2.1471573179913586,0.029469041142570304,107.73789542225599,
P2,2025-09-16 02:00:00,0.33449073689802195,3.1305919466762484,0.02809115221845454,152.2983977888916,
P2,2025-09-16 03:00:00,0.3112048112484951,2.1384280657158277,0.0210943964304765,111.0724419933298,
P2,2025-09-16 04:00:00,0.3059206793403822,2.453019803891682,0.021200558203037807,124.43256875865679,
P2,2025-09-16 05:00:00,0.34786044373157055,2.9697705125105403,0.03191855344789253,148.86965668849888,
P2,2025-09-16 06:00:00,0.332682307729699,2.834177507591724,0.03199488856693672,144.23572950858426,
P2,2025-09-16 07:00:00,0.30043694032587737,1.6365271893479414,0.027742520006451905,83.7940527539939,
P2,2025-09-16 08:00:00,0.3593984335875014,3.0647023634706327,0.03307732840481402,149.60181500291984,
P2,2025-09-16 09:00:00,0.3620031475671552,2.599424967871857,0.035402248280975705,125.59953447343656,
P2,2025-09-16 10:00:00,0.449067682853192,3.9046045110517613,0.04560969191684667,175.51563126574817,
P2,2025-09-16 11:00:00,0.4703308834631795,4.030006147535654,0.03708975377289413,186.43805110489146,
P2,2025-09-16 12:00:00,0.47069716858420435,4.121873432957257,0.03930005984599623,214.96910952132555,
P2,2025-09-16 13:00:00,0.39728941244556776,2.6537487276446092,0.03613528442355438,139.66332547430116,
P2,2025-09-16 14:00:00,0.3626451920765056,2.0555746440587286,0.04416027354800773,131.5403953204681,
P2,2025-09-16 15:00:00,0.3979651382087537,2.678634288828955,0.03826820378225374,192.41019888800275,
P2,2025-09-16 16:00:00,0.3889512585257466,2.25407308371979,0.04581701126182685,181.80704250027136,
P2,2025-09-16 17:00:00,0.377068002220359,3.2930783210422545,0.03716249689885979,257.7012172165571,
P2,2025-09-16 18:00:00,0.49809352039359717,4.358977347570001,0.03846217254018113,267.35536737600114,
P2,2025-09-16 19:00:00,0.3957212060661948,4.018156410731977,0.047134236196288475,239.18622677487966,
P2,2025-09-16 20:00:00,0.42293375819524354,3.4340938297518426,0.05364282136008991,196.97362952059086,
P2,2025-09-16 21:00:00,0.39676397653329415,2.656817040941275,0.0585696978853277,123.27205714996803,
P2,2025-09-16 22:00:00,0.3657966736113262,2.6019218523841716,0.03207661654479603,127.0832265946876,
P2,2025-09-16 23:00:00,0.39191940291053856,2.8803967493858362,0.040695251935614817,142.02626156396488,
P2,2025-09-17 00:00:00,0.3386622119542589,1.68959560709521,0.03956385722195822,103.7619923869739,
P2,2025-09-17 01:00:00,0.3781671420183752,3.1211016463256365,0.05145482443602811,161.82400706596826,
P2,2025-09-17 02:00:00,0.42075644581929833,3.3769912342579596,0.037320674319324246,180.2478721096085,
P2,2025-09-17 03:00:00,0.407747326484632,2.7539804118586915,0.03263783920550924,156.53557693579594,
P2,2025-09-17 04:00:00,0.4291503977363419,3.4337672114263706,0.03342575528951322,178.22727633181245,
P2,2025-09-17 05:00:00,0.43891480410348777,3.903269068461744,0.04753793366580991,201.01392064159413,
P2,2025-09-17 06:00:00,0.41528313573634984,3.1861199484120246,0.04029605263987056,166.86880947089486,
P2,2025-09-17 07:00:00,0.5002695589726457,4.439326143905818,0.052400921793142825,219.6347885477168,
P2,2025-09-17 08:00:00,0.40736022134118616,2.9505503016689025,0.03553840194202617,151.848068203012,
P2,2025-09-17 09:00:00,0.4144335370229349,3.432714740404818,0.04204163517498851,168.16127088783347,
P2,2025-09-17 10:00:00,0.35870697499571796,2.528917101975679,0.04168048169223797,149.43204111706115,
P2,2025-09-17 11:00:00,0.34880765749606624,2.2151629430781443,0.04155364734447446,134.1811844202025,
P2,2025-09-17 12:00:00,0.3735208429473064,2.3925793049228035,0.052087850034819985,146.1548027696532,
P2,2025-09-17 13:00:00,0.410776971930676,3.6096529782072073,0.20230950918114918,207.02499177665197,
P2,2025-09-17 14:00:00,0.34176009527800966,3.047933313504248,0.23047718139769427,153.73473729087294,
P2,2025-09-17 15:00:00,0.3276396436209812,3.239378005030447,0.09080371221259526,156.42682221667917,
P2,2025-09-17 16:00:00,0.40717024103751887,4.288249289252821,0.09287264731706628,193.61994814598927,
P2,2025-09-17 17:00:00,0.36006520701004774,3.201017637032614,0.09512957783269292,161.29447028227472,
P2,2025-09-17 18:00:00,0.37249103070640843,3.0795080195369735,0.10202326835169752,213.2896538387892,
P2,2025-09-17 19:00:00,0.36484899846337326,2.644378229659663,0.05917527771937733,140.33288752593828,
P2,2025-09-17 20:00:00,0.3656290768229049,2.491813047213059,0.06260681232242857,166.44364509486525,
P2,2025-09-17 21:00:00,0.3628376852926786,2.509119441813632,0.05892910543810679,148.8839960035246,
P2,2025-09-17 22:00:00,0.3272520925008399,2.095656558132403,0.040986701940520565,116.33549438844452,
P2,2025-09-17 23:00:00,0.291598774236531,1.445502226503775,0.036416544257623654,99.86198515094209,
P2,2025-09-18 00:00:00,0.3553772307544883,2.4345557046263497,0.04110074979076125,145.07552969719544,
P2,2025-09-18 01:00:00,0.44038142228865784,3.9833298048720422,0.027997540144482077,224.7416080260126,
P2,2025-09-18 02:00:00,0.49173562885443584,4.769392724497306,0.06650662152965102,258.63529368739626,
P2,2025-09-18 03:00:00,0.4159952117994695,4.2233093501417995,0.04281869752602568,230.26612153673497,
P2,2025-09-18 04:00:00,0.33417854202399855,3.026342670205553,0.04709654622239645,167.78303190720428,
P2,2025-09-18 05:00:00,0.31971985389863344,3.182918219423352,0.048220498488779046,166.08817477128392,
P2,2025-09-18 06:00:00,0.33705758806809233,3.425039124492811,0.037497548951757304,178.29246484141044,
P2,2025-09-18 07:00:00,0.2660527790699405,2.1308398097000745,0.038807167578942627,125.57471386671097,
P2,2025-09-18 08:00:00,0.26853916173683373,2.2593294382653766,0.031846042248405794,132.0065719257253,
P2,2025-09-18 09:00:00,0.34574906472989786,2.9723331280867753,0.048347736189347776,232.0501319294016,
P2,2025-09-18 10:00:00,0.3295671420090561,2.163487284451125,0.056732047462450176,125.77554637373967,
P2,2025-09-18 11:00:00,0.3221751750108386,2.1264558588112057,0.03635736836457657,137.76080967817333,
P2,2025-09-18 12:00:00,0.3401008473356473,3.4675252435773123,0.0391670160189619,189.92774557581473,
P2,2025-09-18 13:00:00,0.365552851302615,3.2603032574818003,0.039518080747071374,188.64928454658653,
P2,2025-09-18 14:00:00,0.31234131844312457,2.4251682867681996,0.03312241394119797,184.60656228707697,
P2,2025-09-18 15:00:00,0.32071444256158166,2.5336223408747185,0.0443094441083329,243.21423198188907,
P2,2025-09-18 16:00:00,0.3619067989629061,3.5852859758763223,0.04181461023965425,309.2947718013631,
P2,2025-09-18 17:00:00,0.4052119659924707,4.051255125946557,0.04462704012242845,268.115708244321,
P2,2025-09-18 18:00:00,0.39655657275386985,4.1730597855425335,0.0411659171245251,233.08890969314774,
P2,2025-09-18 19:00:00,0.39351040749324423,3.469683098162479,0.030850285748204656,191.44908178260582,
P2,2025-09-18 20:00:00,0.3575058401906418,2.7492534958469905,0.04357207702307571,149.17531988690658,
P2,2025-09-18 21:00:00,0.3246562906578888,2.937850963681524,0.03424780691236322,166.79921034096654,
P2,2025-09-18 22:00:00,0.344120674725463,3.4931350689690053,0.02993000165214009,188.07809309618224,
P2,2025-09-18 23:00:00,0.4216450787354051,4.197747732199905,0.03671876929703575,229.2219672239776,
P2,2025-09-19 00:00:00,0.42857363233750384,4.5807507645787915,0.04584887586344321,248.728124304597,
P2,2025-09-19 01:00:00,0.42628227523240064,4.341105505960073,0.0475416800453031,237.37442915720098,
P2,2025-09-19 02:00:00,0.39082648190058666,4.107996013295631,0.02788406927830146,216.8726737643106,
P2,2025-09-19 03:00:00,0.3942224376639644,3.756488859110897,0.05036396629516651,203.8776350184416,
P2,2025-09-19 04:00:00,0.36978109200151893,3.4748446026469875,0.02636415962039527,184.2209266363634,
P2,2025-09-19 05:00:00,0.42492206727756027,3.9020807744408206,0.04990813635256638,202.739453542727,
P2,2025-09-19 06:00:00,0.46853104087810243,4.245975854915273,0.03878186333094557,213.41864795452113,
P2,2025-09-19 07:00:00,0.40878531328449813,3.5023497740161913,0.04090361934699778,183.79948451688372,
P2,2025-09-19 08:00:00,0.34554179248088673,2.6157570657080433,0.02653896919973866,145.2753983735599,
P2,2025-09-19 09:00:00,0.4343289473279012,3.4070326973774687,0.037371317460278726,203.97443005227095,
P2,2025-09-19 10:00:00,0.4417664374451616,3.329793664969401,0.042225732006879325,201.29188151208544,
P2,2025-09-19 11:00:00,0.3579414868896537,2.0211779868836968,0.040584778830923374,131.0835754063026,
P2,2025-09-19 12:00:00,0.34356318229765664,2.3784709312143524,0.03756964886766445,143.99294231558903,
P2,2025-09-19 13:00:00,0.3880778789834289,2.5893827740013617,0.052979812267416534,191.93998776159503,
P2,2025-09-19 14:00:00,0.3624694333052488,1.9776938414444445,0.04134088455407867,227.20322777776698,
P2,2025-09-19 15:00:00,0.4540014314283071,3.7663183072583046,0.042365397124544076,299.6698364142119,
P2,2025-09-19 16:00:00,0.4080534189556688,3.455111021353186,0.0446826533720645,269.8408841936822,
P2,2025-09-19 17:00:00,0.4263456175830787,4.047267009579112,0.03956806798527714,233.85091710909745,
P2,2025-09-19 18:00:00,0.37016959794248866,2.5558588506573363,0.05864320661911562,152.9754602628996,
P2,2025-09-19 19:00:00,0.3782987660028822,2.437846434380366,0.045381231245903694,153.2418774389723,
P2,2025-09-19 20:00:00,0.34987152850021613,1.9895315898127495,0.03260736058714876,123.08289755893166,
P2,2025-09-19 21:00:00,0.3974702721085912,2.995907744578412,0.05363104298783463,147.80747093238463,
P2,2025-09-19 22:00:00,0.3636561703768993,3.5263644675580377,0.05004284886635302,168.03697287943163,
P2,2025-09-19 23:00:00,0.37503268911813403,3.405695971702143,0.0582514801333977,174.2242657413595,
P2,2025-09-20 00:00:00,0.2867092445286518,1.7325921967752638,0.038222119579666945,95.62571681881822,
P2,2025-09-20 01:00:00,0.28617287060310137,2.183791163400294,0.03857981863689441,114.50984514174147,
P2,2025-09-20 02:00:00,0.34017861341204264,3.067996098558391,0.04466610221607617,154.0648674187941,
P2,2025-09-20 03:00:00,0.3205811880870197,2.290574920140014,0.032562820684257685,124.90926437425917,
P2,2025-09-20 04:00:00,0.29131839582665386,1.8726145604452806,0.035095407376690105,104.55888153969086,
P2,2025-09-20 05:00:00,0.32770870177822053,2.5972186714304497,0.04594792337949407,129.2152245791817,
P2,2025-09-20 06:00:00,0.39023301823094264,3.4658709722022993,0.041659638347113497,168.57752443348497,
P2,2025-09-20 07:00:00,0.35985413393507276,3.003899848450532,0.040620132419808,156.02391974988265,
P2,2025-09-20 08:00:00,0.315756431429082,2.8026558928687817,0.033262219619242014,145.99384432877616,
P2,2025-09-20 09:00:00,0.26090326975693967,1.760844977210845,0.029673936968617826,99.65313910993054,
P2,2025-09-20 10:00:00,0.3090265827713302,2.6985259002569464,0.02852631874960147,145.8710595202207,
P2,2025-09-20 11:00:00,0.28807776155978837,2.1664145559703987,0.030747316611380738,115.84479630081427,
P2,2025-09-20 12:00:00,0.2663040752825491,2.4133405131901444,0.03009574189397942,122.34746873106556,
P2,2025-09-20 13:00:00,0.3347238456772445,3.795585939770402,0.04691554121317475,200.8203305226829,
P2,2025-09-20 14:00:00,0.32835782364857535,3.151374606029036,0.04910215012700003,172.5698588626013,
P2,2025-09-20 15:00:00,0.343118811291614,2.832132266371514,0.04098770663841213,152.22500432972643,
P2,2025-09-20 16:00:00,0.39301779815269194,3.9332612820923285,0.036062298274736435,208.27064283506763,
P2,2025-09-20 17:00:00,0.37623897244946186,2.9884000813361253,0.04519314098008591,174.87226742706858,
P2,2025-09-20 18:00:00,0.31385332587970516,2.5710873100493017,0.03074114224028498,142.93212036374734,
P2,2025-09-20 19:00:00,0.28441335243017085,2.3801792659498693,0.031030187247612678,129.6355368612663,
P2,2025-09-20 20:00:00,0.30784971319901105,3.089110277053026,0.035878044745088114,164.28635484334578,
P2,2025-09-20 21:00:00,0.3222962260535788,3.1836187177407416,0.03397017083128121,169.94726855727944,
P2,2025-09-20 22:00:00,0.3125385841302772,2.9321079779999204,0.025404070897609,159.02978599009893,
P2,2025-09-20 23:00:00,0.3346235994913878,2.7056157127880933,0.03147564443539618,148.7807807873891,
P2,2025-09-21 00:00:00,0.3552031882119641,2.516644505273784,0.030339208370789992,146.8851628550791,
P2,2025-09-21 01:00:00,0.3394496337559868,2.5477343744842798,0.02949125713362487,140.93649289907748,
P2,2025-09-21 02:00:00,0.3301612764103862,2.419272792179965,0.024362053134620736,135.30139315406797,
P2,2025-09-21 03:00:00,0.32200781177654214,2.6668835700919815,0.026783146232961377,144.81361480274944,
P2,2025-09-21 04:00:00,0.3285268737658494,2.7690148380918043,0.03359661513800268,143.15585264387846,
P2,2025-09-21 05:00:00,0.3157702592041737,2.7279269492465352,0.036441518416757246,149.34723056369637,
P2,2025-09-21 06:00:00,0.2968362805263035,2.369881514808971,0.02845700447526029,125.28058557215857,
P2,2025-09-21 07:00:00,0.30363111085647637,2.5047004068733325,0.03447546643387742,136.67991945106567,
P2,2025-09-21 08:00:00,0.3067251704076644,2.8538530900815355,0.03462791674733283,148.01715442651692,
P2,2025-09-21 09:00:00,0.36629101433348127,3.095944378252412,0.031101944994103275,160.67901773897304,
P2,2025-09-21 10:00:00,0.3778102630639703,3.070704798938435,0.038762558095161034,161.79791522561658,
P2,2025-09-21 11:00:00,0.3663176805675216,2.7885380778311597,0.04648228745231904,156.85128431621695,
P2,2025-09-21 12:00:00,0.320488144085954,2.17242063642199,0.03613516610777946,128.074629723303,
P2,2025-09-21 13:00:00,0.31123954612347204,2.207268657263967,0.03089985641333349,121.36872084865675,
P2,2025-09-21 14:00:00,0.29192703285370764,2.0049681287612895,0.03453793391043549,108.89335588078802,
P2,2025-09-21 15:00:00,0.3057786139389677,2.4739676329953566,0.03780641095856274,127.8958467310647,
P2,2025-09-21 16:00:00,0.3196468700555182,2.9644396790059546,0.03470276892811,157.99147449472764,
P2,2025-09-21 17:00:00,0.3484445997120534,3.4119000363369008,0.04366514957119719,184.86127301895684,
P2,2025-09-21 18:00:00,0.3912050418335476,3.5355439578455257,0.04366601270717986,198.26438880309874,
P2,2025-09-21 19:00:00,0.3859259336987137,3.515551547438933,0.02967765433988155,185.20190673477558,
P2,2025-09-21 20:00:00,0.3544507442235905,2.8744072397464575,0.03180564527537848,154.78181847671948,
P2,2025-09-21 21:00:00,0.3174226793347304,2.3290042323552305,0.03036301957716184,125.65940198799899,
P2,2025-09-21 22:00:00,0.3143113841159585,1.9556510336254829,0.028468049371278326,110.83903152286125,
P2,2025-09-21 23:00:00,0.29913583375643793,2.0093548115411455,0.025675094486860395,112.51991592383771,
P2,2025-09-22 00:00:00,0.2985860984431824,1.677174158470406,0.033298061857189684,95.2568430624233,
P2,2025-09-22 01:00:00,0.28356399207325594,1.752624695460354,0.033248527659993865,99.09705277670295,
P2,2025-09-22 02:00:00,0.2935486876328277,2.2390047377650975,0.027763527076309323,115.45004490913752,
P2,2025-09-22 03:00:00,0.3168599967427265,2.994914545679315,0.022054295940168594,147.65598545774594,
P2,2025-09-22 04:00:00,0.3478698729502616,3.9337762215822005,0.03210128921669792,187.3615187337841,
P2,2025-09-22 05:00:00,0.3515133488033362,4.144622978731885,0.04109873909496765,191.870793713027,
P2,2025-09-22 06:00:00,0.31877881447558887,4.023440049008267,0.03274040289281403,185.857925194382,
P2,2025-09-22 07:00:00,0.31636765401216344,3.428335504509426,0.034959278660059705,165.89965571361466,
P2,2025-09-22 08:00:00,0.32295958732837166,2.7012693957669685,0.03644512556130463,153.7561910880821,
P2,2025-09-22 09:00:00,0.3448918278533451,3.009374199777367,0.0370726610903125,173.50429577940582,
P2,2025-09-22 10:00:00,0.39300732527399135,4.276531138586127,0.04791351255931877,316.7747687385551,
P2,2025-09-22 11:00:00,0.3938304290092964,4.215061640733009,0.03894503682210263,296.81757271144465,
P2,2025-09-22 12:00:00,0.40015832515499755,3.1849339730541444,0.03923419505719238,200.80478835543084,
P2,2025-09-22 13:00:00,0.41816375768393943,3.658974259947321,0.031107327508429802,213.76924598398367,
P2,2025-09-22 14:00:00,0.47636970217756797,4.092001566952712,0.038935050254373854,228.84452367092317,
P2,2025-09-22 15:00:00,0.4516735429834337,3.1347977978287225,0.04765471510297559,181.29899162391945,
P2,2025-09-22 16:00:00,0.3567995232977649,1.7314834056343722,0.02654984545712535,109.42378309191734,
P2,2025-09-22 17:00:00,0.37851017543961185,2.387263806856826,0.029663488867682605,137.52231826475605,
P2,2025-09-22 18:00:00,0.3849091882460689,2.7681864474466615,0.024091999899637895,155.89090088729523,
P3,2025-09-15 22:00:00,0.16404348189991627,0.3741430930246453,0.013825149606333216,57.02796877665169,
P3,2025-09-15 23:00:00,0.16208946656273765,0.36630231734248675,0.017075256982697663,45.526927636512774,
P3,2025-09-16 00:00:00,0.16227101441104458,0.3721250769106,0.018658102127940477,30.81349663753431,
P3,2025-09-16 01:00:00,0.16144675584088863,0.3719995377102684,0.020244734181739797,17.206847610591012,
P3,2025-09-16 02:00:00,0.16195053622436653,0.3719929221294521,0.023697674152535878,23.59179373051156,
P3,2025-09-16 03:00:00,0.162059070785837,0.36708459907763386,0.015125795357838975,20.82174880134778,
P3,2025-09-16 04:00:00,0.16133129231978877,0.3732906640053804,0.019293341958335278,17.51665096626323,
P3,2025-09-16 05:00:00,0.16230051495237366,0.36913158214743536,0.02262987533970544,19.29993313368546,
P3,2025-09-16 06:00:00,0.1623154388003711,0.36466955191592504,0.029133701397874398,17.535814817064736,
P3,2025-09-16 07:00:00,0.16170865095607503,0.3592339051985911,0.022413384641755747,14.192311293107666,
P3,2025-09-16 08:00:00,0.17640270457573778,0.5117403552571334,0.025176812125287287,14.380045159756607,
P3,2025-09-16 09:00:00,0.3249192767445661,1.177507209113951,0.03217433247260033,136.1059806982116,
P3,2025-09-16 10:00:00,0.46747699312113494,3.304784211011554,0.04505624770691965,228.32852697270076,
P3,2025-09-16 11:00:00,0.4246294640616511,3.4488671461224274,0.03728999644913277,147.40733917408696,
P3,2025-09-16 12:00:00,0.4059984818970274,3.0511317539523657,0.034739856899914344,94.25642811135148,
P3,2025-09-16 13:00:00,0.4231453328017817,3.2983388052804092,0.03756379396212078,157.01005261055678,
P3,2025-09-16 14:00:00,0.41930272348851927,3.296661934851132,0.039311648672604796,215.3091720172818,
P3,2025-09-16 15:00:00,0.44770781458120334,3.1555852310355506,0.04125443376475198,136.2291226238644,
P3,2025-09-16 16:00:00,0.43563896669978636,3.250440172649951,0.05195688710272271,181.42592598466396,
P3,2025-09-16 17:00:00,0.3831869589077721,2.7166733742599676,0.04733757906770905,183.0553498408662,
P3,2025-09-16 18:00:00,0.2860272018338845,2.1084115636721736,0.04321954045593109,86.4491446193963,
P3,2025-09-16 19:00:00,0.2832364523957475,2.082570802435016,0.04157752308396601,81.46583073978518,
P3,2025-09-16 20:00:00,0.28150598233178753,2.0259214770941436,0.04713424390202996,82.09606547403297,
P3,2025-09-16 21:00:00,0.33678344771584595,1.8461546077133308,0.05447646249048175,81.41119396225008,
P3,2025-09-16 22:00:00,0.17960108083070306,0.4157126506832175,0.031980412332912725,27.88111993158735,
P3,2025-09-16 23:00:00,0.16288545671153012,0.37290552416124795,0.03062492709886203,23.958723133696903,
P3,2025-09-17 00:00:00,0.16422704488830217,0.3711234648979639,0.035279111804969,21.620123873130286,
P3,2025-09-17 01:00:00,0.16123609117170823,0.37132148514806307,0.04652263863042992,22.391411192854488,
P3,2025-09-17 02:00:00,0.16181952389153567,0.3693224555200744,0.032561615261271305,18.023738620727556,
P3,2025-09-17 03:00:00,0.1611675517221167,0.36501727521364274,0.02869159212185567,15.808578393722264,
P3,2025-09-17 04:00:00,0.16154155939076334,0.36763800203925107,0.026252411396797588,14.34383867727752,
P3,2025-09-17 05:00:00,0.161773763386262,0.36090253826084867,0.026342197191094638,14.566385045848488,
P3,2025-09-17 06:00:00,0.16088608212656721,0.35805028129288063,0.027846397130031966,14.741618675307887,
P3,2025-09-17 07:00:00,0.1610064116315447,0.359418072036408,0.04293995733401588,13.836466146108476,
P3,2025-09-17 08:00:00,0.16218118036990348,0.37277081548178687,0.028683119228242522,13.511126362889728,
P3,2025-09-17 09:00:00,0.2884313880306048,1.4911325304036431,0.04167940600189471,93.46782374450245,
P3,2025-09-17 10:00:00,0.25233177573322724,1.9298557465900272,0.03646934460494289,144.63380553756957,
P3,2025-09-17 11:00:00,0.23087821647832754,1.847504883539708,0.039784262905216736,132.99152761508665,
P3,2025-09-17 12:00:00,0.2402954905286352,1.8302277026497946,0.0519438893922624,80.70225129787997,
P3,2025-09-17 13:00:00,0.31294297614000577,2.2555956806610427,0.20326915468464468,213.6332002756518,
P3,2025-09-17 14:00:00,0.2837371830829853,2.240330088879221,0.2267149097082248,233.26191341739573,
P3,2025-09-17 15:00:00,0.2552592259751483,2.005469597731374,0.09162737216623551,174.20478964598325,
P3,2025-09-17 16:00:00,0.2540147972573655,1.9976809605295334,0.08886163452209568,154.2447099629703,
P3,2025-09-17 17:00:00,0.24852958281274443,1.970087398206961,0.09379918600552875,340.7903592024095,
P3,2025-09-17 18:00:00,0.2549519071353985,1.9704382412457535,0.10351277749568329,398.18167832505026,
P3,2025-09-17 19:00:00,0.25385340630958353,1.9763300594044355,0.0619180874250316,74.74956694007275,
P3,2025-09-17 20:00:00,0.25324216784650255,1.9913506050644005,0.06441548787054996,92.45002799531986,
P3,2025-09-17 21:00:00,0.2871980932667194,1.2725478823747773,0.0569662848225655,59.125664050083756,
P3,2025-09-17 22:00:00,0.16105025687760488,0.40960354954023165,0.03483331917851557,14.319656971592314,
P3,2025-09-17 23:00:00,0.1659659529420397,0.3719100600840136,0.03272060688449476,13.848484052796245,
P3,2025-09-18 00:00:00,0.16309484876961317,0.35987642356496624,0.03543728502715157,14.737556254372427,
P3,2025-09-18 01:00:00,0.16142688218325255,0.3501653086345417,0.020455162880497924,18.97456640664748,
P3,2025-09-18 02:00:00,0.16249073862440458,0.3543416772707663,0.05129359982979839,16.51778352643027,
P3,2025-09-18 03:00:00,0.16162802706752116,0.3449644084929454,0.029777044283321882,12.419696289091071,
P3,2025-09-18 04:00:00,0.1623644029583149,0.3415983163189957,0.03751686193827329,13.980501950880122,
P3,2025-09-18 05:00:00,0.1620236931566371,0.3429250786610343,0.037729149283959665,13.92825553504984,
P3,2025-09-18 06:00:00,0.16104542771355287,0.33449465759937913,0.030623625373989754,12.263372791180753,
P3,2025-09-18 07:00:00,0.16185198755391383,0.3412820150073837,0.03192992621850086,12.68107187874291,
P3,2025-09-18 08:00:00,0.16511392752547335,0.36501929139797745,0.025471073676133014,42.240311189474596,
P3,2025-09-18 09:00:00,0.2782449306119317,0.9423885118399303,0.046738368026362685,69.95515221845201,
P3,2025-09-18 10:00:00,0.4014689893962689,2.547928890769927,0.05505294704570007,168.48142268981084,
P3,2025-09-18 11:00:00,0.21432507096195905,1.540434951881719,0.03168821699065539,63.31776148863662,
P3,2025-09-18 12:00:00,0.21189502666588506,1.4395410138866127,0.02942622461459387,56.2969011613583,
P3,2025-09-18 13:00:00,0.2381769264738451,1.6276891557626822,0.034691773318748044,59.97787145333927,
P3,2025-09-18 14:00:00,0.24413609424741295,1.69996759215391,0.03704034569745102,193.20497713584803,
P3,2025-09-18 15:00:00,0.23800726691547477,1.7570882935707215,0.04210923022154016,179.25508773903297,
P3,2025-09-18 16:00:00,0.23011219530535745,1.9060324514882327,0.04113719399738737,150.84759139051735,
P3,2025-09-18 17:00:00,0.21439608229630117,1.7393230162180429,0.04183300231338837,154.1265507871782,
P3,2025-09-18 18:00:00,0.2739992630957081,1.2409670062090692,0.040267522784411466,123.08493065960111,
P3,2025-09-18 19:00:00,0.16574712246766327,0.3132983411590115,0.0264324882177006,36.660225289348304,
P3,2025-09-18 20:00:00,0.16973306254219764,0.38453006505601633,0.039507578363360094,16.226132398283745,
P3,2025-09-18 21:00:00,0.16431706610665645,0.3327325116109206,0.02828312833645653,11.699067773972116,
P3,2025-09-18 22:00:00,0.1623806954207216,0.31478889749189365,0.02845140543539317,12.188527091615942,
P3,2025-09-18 23:00:00,0.16118329710338436,0.334136388902205,0.02213409883566221,10.959492937002922,
P3,2025-09-19 00:00:00,0.1612846380361667,0.3158993129991624,0.030136500213155712,15.132110395309022,
P3,2025-09-19 01:00:00,0.16158340810248153,0.318590285260532,0.0379729586761848,13.110173046869381,
P3,2025-09-19 02:00:00,0.1617831300916593,0.3198219346110242,0.028260593050857607,11.231177011692619,
P3,2025-09-19 03:00:00,0.16230230803813547,0.33676000158858727,0.03071366588501636,11.065997304629326,
P3,2025-09-19 04:00:00,0.16115668874723324,0.33728744543740397,0.018011132376625532,10.227971654911789,
P3,2025-09-19 05:00:00,0.1619644771552447,0.3410632107656838,0.03194991226358979,13.756515349961381,
P3,2025-09-19 06:00:00,0.16106491889836008,0.33566102922118074,0.02454149348782697,13.399277156498405,
P3,2025-09-19 07:00:00,0.16192591462342412,0.3331552581662039,0.031203239638985247,12.517877472451481,
P3,2025-09-19 08:00:00,0.1616594415604563,0.3431088754683323,0.022333870008721533,14.603306388772884,
P3,2025-09-19 09:00:00,0.16941943782203073,0.5026108176227145,0.02578152522580818,21.504796374070633,
P3,2025-09-19 10:00:00,0.16700349280141338,0.6138283977745004,0.02980203945426566,17.022357598186485,
P3,2025-09-19 11:00:00,0.1700824104239717,0.4118412123182912,0.028773209757790612,15.486853544285358,
P3,2025-09-19 12:00:00,0.16677619066655597,0.3081106774200777,0.027262345873689017,11.78397001779243,
P3,2025-09-19 13:00:00,0.21011195046889244,0.33585517365859185,0.04492769062062933,371.2896871108574,
P3,2025-09-19 14:00:00,0.20249493354225606,0.32529681900395274,0.03969855006436326,67.5781065458584,
P3,2025-09-19 15:00:00,0.18015560663508762,0.4491956931680872,0.03805122814420125,46.971244114165664,
P3,2025-09-19 16:00:00,0.19407209573476908,0.5427613993660801,0.04267194422928334,250.35553649526557,
P3,2025-09-19 17:00:00,0.16606755066351023,0.30945705980772314,0.035214932096562776,91.361428462561,
P3,2025-09-19 18:00:00,0.1696239914748052,0.37842346973362184,0.056266769907563324,21.474068344264904,
P3,2025-09-19 19:00:00,0.1663747341997998,0.34851466053033925,0.04115808098253016,14.901669115036665,
P3,2025-09-19 20:00:00,0.16485358132629724,0.35649762361579995,0.02645151836060387,14.19974032453304,
P3,2025-09-19 21:00:00,0.1862575928767826,0.5278949126905348,0.051715009612147096,20.9519381979681,
P3,2025-09-19 22:00:00,0.16377371236766666,0.5180732588024172,0.04249931124268479,13.106147728950571,
P3,2025-09-19 23:00:00,0.16278696262620126,0.4025746359715644,0.047308225389149555,12.272092914700918,
P3,2025-09-20 00:00:00,0.16111439826190793,0.4230065442915384,0.03746705160105835,11.521494063995068,
P3,2025-09-20 01:00:00,0.16201883097899458,0.3839590957975929,0.033670769673731456,11.993741921801103,
P3,2025-09-20 02:00:00,0.16213161644200438,0.40226665866791744,0.035226191202614235,12.132554662183082,
P3,2025-09-20 03:00:00,0.16131117778952528,0.3979669568231871,0.024960458004625756,21.44488118603719,
P3,2025-09-20 04:00:00,0.16181329932381025,0.35273997896962533,0.03005175652255215,17.194812975094422,
P3,2025-09-20 05:00:00,0.16196128647660193,0.33584679654195454,0.036454507153224396,11.291002981176518,
P3,2025-09-20 06:00:00,0.16223275349314042,0.3430230711673735,0.03198339079201568,12.896986815546029,
P3,2025-09-20 07:00:00,0.16208344210118844,0.3303442047960648,0.031201093418987014,11.504456393320329,
P3,2025-09-20 08:00:00,0.1623611308143425,0.35516677770141436,0.03175385150538805,15.918073157953783,
P3,2025-09-20 09:00:00,0.16178910616718883,0.3439320016168645,0.02312877137822421,15.092352806083452,
P3,2025-09-20 10:00:00,0.1611723831966998,0.32813351511476535,0.02026869909379287,13.627521982167703,
P3,2025-09-20 11:00:00,0.16123881241337915,0.3212340117766894,0.02591486193384045,13.320402361396512,
P3,2025-09-20 12:00:00,0.16191160434418364,0.32512035109508414,0.02652345840321225,13.683976913456299,
P3,2025-09-20 13:00:00,0.16277069435306343,0.346565972096396,0.04150509924015764,15.670959213284503,
P3,2025-09-20 14:00:00,0.16286942175118158,0.33186706844855646,0.04595729380453694,14.995176725224088,
P3,2025-09-20 15:00:00,0.16108721023405817,0.32209680383903305,0.03269797939590209,13.244829719881308,
P3,2025-09-20 16:00:00,0.1644956026411194,0.6108749371657499,0.033253821620515066,35.13667294119308,
P3,2025-09-20 17:00:00,0.16554354982639222,0.505124667601443,0.03557881509559167,26.524862076401956,
P3,2025-09-20 18:00:00,0.16304968244212514,0.31755559780418285,0.022794123610423194,11.89079675831416,
P3,2025-09-20 19:00:00,0.1623113197723142,0.29488784600890333,0.026765882375428884,12.433582954708735,
P3,2025-09-20 20:00:00,0.16248522005064142,0.2869932188091902,0.026645706470130023,12.507587960250104,
P3,2025-09-20 21:00:00,0.16219210491597683,0.282672903323214,0.025157294850397305,12.153705864571295,
P3,2025-09-20 22:00:00,0.16203608679633508,0.25523455692467395,0.02834759620863879,12.622719689151351,
P3,2025-09-20 23:00:00,0.16146724048130212,0.2502748336990317,0.02189445005772627,11.94575008877794,
P3,2025-09-21 00:00:00,0.16204359792130563,0.2569312809229056,0.024802862469185654,11.216839413458313,
P3,2025-09-21 01:00:00,0.16297356199004887,0.26815987909573663,0.02359195525656718,10.355731679801186,
P3,2025-09-21 02:00:00,0.16190830549230426,0.2652158446747414,0.024723592125016684,10.155034782828404,
P3,2025-09-21 03:00:00,0.16254366255520983,0.26254881710681494,0.022375317494099923,11.438834617179943,
P3,2025-09-21 04:00:00,0.16202234543327687,0.2683061953066813,0.029665207889673965,10.881771797188435,
P3,2025-09-21 05:00:00,0.16206448340774104,0.2675612428438678,0.027138248213072234,10.972510836862757,
P3,2025-09-21 06:00:00,0.1630008373840898,0.2534587391310941,0.027453731588725452,11.502930534235428,
P3,2025-09-21 07:00:00,0.1646658118032765,0.30419907408669355,0.03215777036638182,15.954037104935962,
P3,2025-09-21 08:00:00,0.1700326248696436,0.32822146650869366,0.03245924171905028,21.993349389569566,
P3,2025-09-21 09:00:00,0.1692898591586441,0.33880647328140995,0.028936053910765702,21.360692594647556,
P3,2025-09-21 10:00:00,0.1829409765339478,0.41100542568378234,0.0320724476281865,28.433197610598956,
P3,2025-09-21 11:00:00,0.1843836185910838,0.3746849909391921,0.03854667629122526,27.580580329221796,
P3,2025-09-21 12:00:00,0.23719568792534904,0.5928867905007056,0.034616295988034534,48.200005603627375,
P3,2025-09-21 13:00:00,0.18847191254806583,0.5010343082528264,0.02754220009201128,39.408217512431655,
P3,2025-09-21 14:00:00,0.1971911683227402,0.41410198536904963,0.0319605081710387,39.33444885846166,
P3,2025-09-21 15:00:00,0.17067938710866423,0.3172022446095975,0.03060891652792014,28.1860518942898,
P3,2025-09-21 16:00:00,0.18319374477150518,0.36276881513093573,0.025294776591933424,30.24211283393839,
P3,2025-09-21 17:00:00,0.17722896292868498,0.37064195201529687,0.04022750870983708,27.495434971678915,
P3,2025-09-21 18:00:00,0.1778063644227345,0.3311186503828823,0.031240264837857527,23.343972278149803,
P3,2025-09-21 19:00:00,0.16189271278869904,0.26924812483610444,0.027144065742643702,16.091892273593242,
P3,2025-09-21 20:00:00,0.16278642603130622,0.2678938958480806,0.03078567477602319,14.973759559381143,
P3,2025-09-21 21:00:00,0.16151935443892637,0.27294511835240426,0.03021735433182591,14.48239746436177,
P3,2025-09-21 22:00:00,0.16185586355467171,0.2577426043000396,0.022603323950029376,12.63898600125378,
P3,2025-09-21 23:00:00,0.16195100417912683,0.2599889112005565,0.02245599261050791,13.46450894287268,
P3,2025-09-22 00:00:00,0.16125931267403013,0.27054817337623854,0.03226129754562353,11.80454445293759,
P3,2025-09-22 01:00:00,0.16238386323888976,0.27035471034065384,0.03122378663439894,12.523649742924903,
P3,2025-09-22 02:00:00,0.1627823801033537,0.26733721256597864,0.024667333780388413,10.950142532783861,
P3,2025-09-22 03:00:00,0.16171770909872704,0.29137703984595353,0.020121373916523664,12.520082048575725,
P3,2025-09-22 04:00:00,0.16205681315684514,0.28737317360808945,0.019279607408457144,11.184853660083483,
P3,2025-09-22 05:00:00,0.16230343335114972,0.29671680692426455,0.027928271580082254,11.347773545820022,
P3,2025-09-22 06:00:00,0.16122945247710058,0.30896639051089725,0.02339762793638384,13.57796777570324,
P3,2025-09-22 07:00:00,0.161745276670517,0.3244338688322144,0.031763172739810365,10.729613601309886,
P3,2025-09-22 08:00:00,0.16331921919846162,0.34634814939204295,0.028796439517131345,13.148582749517253,
P3,2025-09-22 09:00:00,0.2675161003943278,1.1290860646005356,0.03173764820574194,101.11354091878128,
P3,2025-09-22 10:00:00,0.33028156565366334,2.5414533893432285,0.04887012670768145,392.6471609306432,
P3,2025-09-22 11:00:00,0.2367389640254787,2.0498798358771624,0.03660279624720483,181.13070360698322,
P3,2025-09-22 12:00:00,0.2345833689581016,1.951584547716696,0.035890510773815214,75.55648052027624,
P3,2025-09-22 13:00:00,0.2712168115241174,2.2010807360606095,0.03757992754183517,414.27957221318667,
P3,2025-09-22 14:00:00,0.3307371111430722,2.4019953335475517,0.034304697529514476,365.0684476590772,
P3,2025-09-22 15:00:00,0.3498027366861505,2.629736018952672,0.042170683648005386,328.5303507718139,
P3,2025-09-22 16:00:00,0.34057543099626086,2.6264445536795082,0.03495902041266677,323.64967075350825,
P3,2025-09-22 17:00:00,0.26685018087528994,2.2819761135302903,0.0367506666950099,81.7243184311926,
P3,2025-09-22 18:00:00,0.24699096604931164,2.095403849784269,0.03442507487869898,67.79196925850204,
P4,2025-09-15 22:00:00,0.17186951381326457,0.45605689226093454,0.01560828354838775,23.482265627160427,
P4,2025-09-15 23:00:00,0.1732523226772315,0.4414851139462472,0.016107913064477772,25.23867892190405,
P4,2025-09-16 00:00:00,0.17315958897811243,0.44566587343651165,0.01959081638268296,19.246769584711423,
P4,2025-09-16 01:00:00,0.17214853329030463,0.431031674126892,0.021434859121887695,18.452321670210317,
P4,2025-09-16 02:00:00,0.17210600723873126,0.4305947122087726,0.022330133692509253,17.08507084767515,
P4,2025-09-16 03:00:00,0.17188531989455455,0.4419560965765455,0.015224917375024656,17.423332895362517,
P4,2025-09-16 04:00:00,0.17211468126071813,0.43918854769641463,0.0210725441451766,16.625872205949083,
P4,2025-09-16 05:00:00,0.17185027950739576,0.4313667434259338,0.022954647515945146,17.850527694029907,
P4,2025-09-16 06:00:00,0.17221325376692703,0.4041903292185495,0.03014228730773289,17.10568017724003,
P4,2025-09-16 07:00:00,0.1727635676524867,0.42350314804568995,0.02297364788626907,18.299570464618043,
P4,2025-09-16 08:00:00,0.25121547083347523,0.6441164118514615,0.025204023759367353,43.30819246547795,
P4,2025-09-16 09:00:00,0.2038381396759247,0.4493843294602841,0.027940627166994362,128.72156957952214,
P4,2025-09-16 10:00:00,0.23378602912491564,0.6997335087023397,0.02971398676123906,102.43697389827364,
P4,2025-09-16 11:00:00,0.22264706501819573,0.59636622670312,0.02545623353282756,56.33895232856992,
P4,2025-09-16 12:00:00,0.22908868455624468,0.5568911961022798,0.02237660900536954,36.30854557468683,
P4,2025-09-16 13:00:00,0.2697443865161367,0.5485170151163622,0.029413020412476506,280.6679396373409,
P4,2025-09-16 14:00:00,0.3052534371921558,0.5705631609491046,0.032968675711205014,62.72867833087752,
P4,2025-09-16 15:00:00,0.2940151022638782,0.5713256613180436,0.03470365122187334,59.20399499906727,
P4,2025-09-16 16:00:00,0.28714187873908453,0.5425823112144497,0.04047281137943752,55.7252643933253,
P4,2025-09-16 17:00:00,0.2784897282493916,0.600182928026507,0.048018360956108855,81.32507664509791,
P4,2025-09-16 18:00:00,0.271302722582303,0.7075833382348072,0.03921815718812079,53.553336882647066,
P4,2025-09-16 19:00:00,0.315778548327498,1.2187332456763993,0.03673024541144554,70.66512299844268,
P4,2025-09-16 20:00:00,0.3005165407439663,1.13521544354944,0.043599315295529496,60.09271024696736,
P4,2025-09-16 21:00:00,0.36340610681987257,0.9513418414404335,0.05340838850584719,73.30611128590385,
P4,2025-09-16 22:00:00,0.193421184837088,0.4872523650419584,0.033229383508570604,29.106362293432262,
P4,2025-09-16 23:00:00,0.17344683433436947,0.41833411273562765,0.03211545370645964,17.580534178086616,
P4,2025-09-17 00:00:00,0.17308890883403305,0.42611590584403336,0.036833311363809317,17.021061711214,
P4,2025-09-17 01:00:00,0.17287710616962285,0.4202864338333963,0.04580436401320182,15.936168169527578,
P4,2025-09-17 02:00:00,0.17314890496412055,0.4245587542385513,0.031888956480224474,17.034919465838765,
P4,2025-09-17 03:00:00,0.1721783469500032,0.4350821978143905,0.031356620703014544,15.496830243818106,
P4,2025-09-17 04:00:00,0.17067187312659488,0.4262300904766255,0.027284754433492448,16.284989267163915,
P4,2025-09-17 05:00:00,0.17086102161034514,0.42038755124983307,0.026532857387132073,14.912620473122109,
P4,2025-09-17 06:00:00,0.17036017863338002,0.41218359901827506,0.02695147243265271,15.103228948435314,
P4,2025-09-17 07:00:00,0.1729006488595467,0.42024572504220653,0.04359198559923361,16.75471194683974,
P4,2025-09-17 08:00:00,0.17253577375652837,0.4123312046014144,0.02970365160394772,18.282001023738303,
P4,2025-09-17 09:00:00,0.2771030194895378,0.7956454268459063,0.03114759520234693,86.29866670975657,
P4,2025-09-17 10:00:00,0.20158015527820458,0.4656984850879676,0.029465448486761643,159.07065210962256,
P4,2025-09-17 11:00:00,0.17499026029833892,0.29087574436121677,0.03661708771453324,159.904347158535,
P4,2025-09-17 12:00:00,0.17770805908876292,0.2765844132664493,0.048446766332963506,47.77879337593683,
P4,2025-09-17 13:00:00,0.2252683553903417,0.47261684810356525,0.19693934155289722,54.83774021333863,
P4,2025-09-17 14:00:00,0.2001099458095038,0.5078412889027841,0.23006869778299358,37.52879487514006,
P4,2025-09-17 15:00:00,0.1789352035326157,0.32534578454851804,0.09126824642986958,162.97447494404565,
P4,2025-09-17 16:00:00,0.18931666829090335,0.33701046257379436,0.0879165819168217,192.689590394771,
P4,2025-09-17 17:00:00,0.1982667939765662,0.39623341703699244,0.09600331749554912,88.27276595539323,
P4,2025-09-17 18:00:00,0.20199813833402905,0.3414715631912868,0.10086100102283511,267.36841644255946,
P4,2025-09-17 19:00:00,0.18393437928289552,0.34576373593534737,0.05863866008623942,44.01883462174859,
P4,2025-09-17 20:00:00,0.18044021023858473,0.29898189422942,0.05983125287853334,119.77639557248703,
P4,2025-09-17 21:00:00,0.35688757276001193,0.640889200752451,0.05504047050640325,84.4009789475202,
P4,2025-09-17 22:00:00,0.17332666819549736,0.4768017288548183,0.03596841323240428,33.537564531933725,
P4,2025-09-17 23:00:00,0.17351424281594507,0.40678274281832066,0.03280777093728654,26.85465491811349,
P4,2025-09-18 00:00:00,0.17313034520464352,0.3923561150805192,0.035859587721606315,22.952814708013367,
P4,2025-09-18 01:00:00,0.17272578621182152,0.39299568700711324,0.020710755461415993,19.34931156380295,
P4,2025-09-18 02:00:00,0.17348367330666362,0.3940416467900811,0.05077098843892019,22.619956028559525,
P4,2025-09-18 03:00:00,0.17232198831391235,0.3882861053928146,0.028998093575651415,19.85080481297846,
P4,2025-09-18 04:00:00,0.17272583160023025,0.37715958556602175,0.03578402218705525,22.916394719594507,
P4,2025-09-18 05:00:00,0.1722822827846296,0.39135461115695175,0.038696999138257845,24.024295250948576,
P4,2025-09-18 06:00:00,0.171471356670282,0.3803487025863595,0.02879982022663519,24.556606481590887,
P4,2025-09-18 07:00:00,0.17295868971293787,0.36595891797741337,0.03133395775654337,26.73250765398958,
P4,2025-09-18 08:00:00,0.19414503016406268,0.3955177297138769,0.02515097159814144,33.15853599954384,
P4,2025-09-18 09:00:00,0.26610111069540476,0.7104093236987166,0.042511763142326096,298.99298396525796,
P4,2025-09-18 10:00:00,0.2620201780085763,0.9630550651900768,0.04902104469866297,420.1863735852501,
P4,2025-09-18 11:00:00,0.23048852689885926,1.3675244178319468,0.031301822102229857,91.63484294516476,
P4,2025-09-18 12:00:00,0.2639851287877278,1.2444632922468513,0.02864972012771293,88.33318126705143,
P4,2025-09-18 13:00:00,0.2499302346550828,0.750720537138473,0.035245064441709224,80.82289051713407,
P4,2025-09-18 14:00:00,0.1820448718208694,0.2866670802469643,0.0333480285545672,119.47675187287548,
P4,2025-09-18 15:00:00,0.19156062228771567,0.3607601068763696,0.041577200386425546,142.05312470712826,
P4,2025-09-18 16:00:00,0.22244646713943908,1.214857446558194,0.036338158841233356,546.3459066930915,
P4,2025-09-18 17:00:00,0.1797825003117262,1.518984616156404,0.040376314191640915,642.1480540361009,
P4,2025-09-18 18:00:00,0.18111964316684406,1.0255595727024127,0.03072430829127114,277.3044951652017,
P4,2025-09-18 19:00:00,0.18165390727275846,0.8273232841464672,0.032746478299225265,59.60762819601575,
P4,2025-09-18 20:00:00,0.22224466366205034,1.0657467799147695,0.04052513410310319,76.83222275247753,
P4,2025-09-18 21:00:00,0.18472247809937042,0.36256016274464603,0.028526863098832338,34.81377790801154,
P4,2025-09-18 22:00:00,0.173366023299839,0.31719917439114753,0.03137714505592231,16.174797354950787,
P4,2025-09-18 23:00:00,0.17228645653511002,0.3251020460526518,0.021645526471190002,15.03758533790854,
P4,2025-09-19 00:00:00,0.17294978161226487,0.3209931963600608,0.028928274236872668,16.558481503917072,
P4,2025-09-19 01:00:00,0.17261485765366974,0.32202399051959285,0.03882113870756325,15.129111369339496,
P4,2025-09-19 02:00:00,0.17340195408610057,0.3195602401619373,0.02846973655352492,13.682317249775204,
P4,2025-09-19 03:00:00,0.17219424306336364,0.3156086046329303,0.03143553779389183,13.465426281336947,
P4,2025-09-19 04:00:00,0.17308168047027422,0.32652411595555775,0.018648214713796293,12.42360400744281,
P4,2025-09-19 05:00:00,0.17179478826679354,0.34285043010486016,0.03158165610293261,12.595435402429674,
P4,2025-09-19 06:00:00,0.17314143220248232,0.3445208625763315,0.02419118510538878,13.276892272825375,
P4,2025-09-19 07:00:00,0.17232007421641146,0.3306857487793592,0.03148968157198844,14.220884591680722,
P4,2025-09-19 08:00:00,0.17241633460036843,0.36473132846355594,0.023233472099721608,15.814284081471124,
P4,2025-09-19 09:00:00,0.2717337265292758,0.7139590179004062,0.030278603661372125,53.41523984462838,
P4,2025-09-19 10:00:00,0.17829790885136265,0.30462156370924537,0.03232161994066342,34.9138434036593,
P4,2025-09-19 11:00:00,0.17966927418634857,0.32519962442592637,0.025394666718586936,19.98162206793876,
P4,2025-09-19 12:00:00,0.1735544679315103,0.3240494009230524,0.027922652277315177,17.282567558368388,
P4,2025-09-19 13:00:00,0.181526670860296,0.42137154638216523,0.046701007838493444,124.94120753518045,
P4,2025-09-19 14:00:00,0.1908185008626277,0.42912579615098184,0.04534591405026896,160.9506751464477,
P4,2025-09-19 15:00:00,0.1873577879647218,0.37365869867481644,0.041742409118938346,41.70949997895,
P4,2025-09-19 16:00:00,0.1813068548428694,0.32048170390224284,0.04257434653523671,164.30294805542633,
P4,2025-09-19 17:00:00,0.1787562107508677,0.37045211534341577,0.030258138290725937,91.3752459075654,
P4,2025-09-19 18:00:00,0.18177846034642275,0.3492589282128166,0.05639386805250472,20.05255818043658,
P4,2025-09-19 19:00:00,0.17799082112839074,0.3442686709163119,0.039962783496592255,20.19027610422392,
P4,2025-09-19 20:00:00,0.1771215185321439,0.3928728691244549,0.028518260863083008,21.315790429097092,
P4,2025-09-19 21:00:00,0.2906765432014043,0.6261704192681098,0.05307067242677498,49.038295304438975,
P4,2025-09-19 22:00:00,0.1734914496506895,0.41929105720595833,0.043122829832233284,15.653423113463349,
P4,2025-09-19 23:00:00,0.17326986906015868,0.39466837672475047,0.0468980585523732,14.666635410921241,
P4,2025-09-20 00:00:00,0.1697561860901567,0.4082582800596606,0.03665371962049738,12.95522433198605,
P4,2025-09-20 01:00:00,0.17080547929010054,0.4016301643837695,0.03343886205057909,12.734523331761531,
P4,2025-09-20 02:00:00,0.1734436746714261,0.39396635885266745,0.03479435856722017,13.34487313483262,
P4,2025-09-20 03:00:00,0.17188762495081358,0.3697614454121089,0.025209035168365385,16.44147678629268,
P4,2025-09-20 04:00:00,0.172651977158664,0.3565562325216941,0.031565822809650944,17.05964332095706,
P4,2025-09-20 05:00:00,0.17212752326430752,0.33610363948195937,0.03654591560319683,15.373337333596703,
P4,2025-09-20 06:00:00,0.17219710033567048,0.3399614061077193,0.03369406477202534,13.876850678882127,
P4,2025-09-20 07:00:00,0.1723359385458729,0.3498131243511151,0.031995499236756535,13.66606904094314,
P4,2025-09-20 08:00:00,0.1719158607251519,0.3385439979676014,0.0321132172216172,12.719530808644901,
P4,2025-09-20 09:00:00,0.17385658860651637,0.3492925536551407,0.02444028492445296,14.524413937838688,
P4,2025-09-20 10:00:00,0.17301682578207064,0.4299150398208956,0.019883847056835758,16.019085841072066,
P4,2025-09-20 11:00:00,0.17258977354543267,0.4071843119011101,0.027992826636031327,14.800991933328845,
P4,2025-09-20 12:00:00,0.17357649226215738,0.3781901493572994,0.024249659319987633,13.90207887018889,
P4,2025-09-20 13:00:00,0.17586878522118318,0.398941118110576,0.04321854624996766,21.042422453383924,
P4,2025-09-20 14:00:00,0.17467941246712193,0.40493930931524347,0.04010463857951259,19.05775459809835,
P4,2025-09-20 15:00:00,0.17487048900666186,0.38563351110120936,0.03113363246233329,38.17245768763294,
P4,2025-09-20 16:00:00,0.18644337102090577,0.4784230708578,0.03724810283556176,34.07576203824212,
P4,2025-09-20 17:00:00,0.17914882022052392,0.4713425667493126,0.03894771377348301,23.753624906222104,
P4,2025-09-20 18:00:00,0.1729117205161434,0.3465772562473672,0.0253291364879442,16.670371667389002,
P4,2025-09-20 19:00:00,0.1737074577557337,0.3457945238137164,0.027435728644678976,15.982996460437388,
P4,2025-09-20 20:00:00,0.17360528892293633,0.3365335914677547,0.025322342825169774,16.868942447757362,
P4,2025-09-20 21:00:00,0.1730168677862626,0.3242977820055195,0.024472678193808318,16.176679472247894,
P4,2025-09-20 22:00:00,0.17362313740254756,0.27297241045303244,0.028435845753438074,18.513253700668482,
P4,2025-09-20 23:00:00,0.17738084260850273,0.28152047887464954,0.022156222358451962,27.501500396570137,
P4,2025-09-21 00:00:00,0.17510339989471974,0.2768218447226231,0.023368872124962737,20.869840247901056,
P4,2025-09-21 01:00:00,0.17440143935677263,0.2827286876398091,0.023536965460852197,22.04727211083445,
P4,2025-09-21 02:00:00,0.1754611449540619,0.2844761048725478,0.023140787775830403,19.90009510112357,
P4,2025-09-21 03:00:00,0.17287866033696953,0.26274062118587477,0.023046406657695476,15.721996695183579,
P4,2025-09-21 04:00:00,0.1739232492088446,0.28041691274295694,0.02865884872314247,16.942312560229844,
P4,2025-09-21 05:00:00,0.17461528897456724,0.27319303612796325,0.026116051613701684,14.637436373161798,
P4,2025-09-21 06:00:00,0.1729819546857421,0.26420964844264355,0.027994403103799824,12.830376994922242,
P4,2025-09-21 07:00:00,0.20467457737438355,0.3589537073029028,0.031653269058327174,29.994397826585814,
P4,2025-09-21 08:00:00,0.1908620237771291,0.3215083540972326,0.028115163573205752,42.02629167119733,
P4,2025-09-21 09:00:00,0.17708340239587483,0.2607105396125078,0.02611730826148918,35.746998400249396,
P4,2025-09-21 10:00:00,0.2593848857101802,0.7387699741781714,0.03256412446769433,60.58233917765758,
P4,2025-09-21 11:00:00,0.2724310979255759,0.895961762779483,0.0357569565473088,79.13111714374465,
P4,2025-09-21 12:00:00,0.33005773014131345,1.0609249313588975,0.029431638222575475,95.24475631166406,
P4,2025-09-21 13:00:00,0.23072869724598474,0.49562199637366666,0.026611620796501343,49.90945047994265,
P4,2025-09-21 14:00:00,0.20020240350136975,0.46309205187316077,0.031406299733841826,51.6535343171475,
P4,2025-09-21 15:00:00,0.20735283383210013,0.43690727905772436,0.030662039846202926,49.59634901233182,
P4,2025-09-21 16:00:00,0.18431094053932628,0.339805937098358,0.026244000248782477,49.51231091051654,
P4,2025-09-21 17:00:00,0.19235709876110835,0.288994185052381,0.03794260143003119,41.50926529712663,
P4,2025-09-21 18:00:00,0.2649377533137323,0.40225473879363555,0.03309449610437158,50.747242202780576,
P4,2025-09-21 19:00:00,0.1747890343606483,0.27909378684894287,0.02708429799536746,32.06211639500116,
P4,2025-09-21 20:00:00,0.1749645502611257,0.2910257276219917,0.03032065325358833,26.124414760593528,
P4,2025-09-21 21:00:00,0.17295811309850934,0.27085953581744854,0.030148971519977627,24.378338367185638,
P4,2025-09-21 22:00:00,0.17327722050233169,0.2939363903749429,0.023947706952882685,21.03802662559404,
P4,2025-09-21 23:00:00,0.17389601270531693,0.29517145739364886,0.022153589833398095,20.24802157630902,
P4,2025-09-22 00:00:00,0.17548081627199313,0.27869185548624176,0.03269137009195368,21.026627023934324,
P4,2025-09-22 01:00:00,0.17292134999447015,0.2815456555187405,0.03217917749882983,20.68220914978568,
P4,2025-09-22 02:00:00,0.173132191099799,0.28227615423484115,0.025601026587754826,19.403563286638537,
P4,2025-09-22 03:00:00,0.1735974247492153,0.292523955474455,0.018923063209960803,18.769520533854777,
P4,2025-09-22 04:00:00,0.17313854463097186,0.30047823105588717,0.018700403360372465,18.575078797870663,
P4,2025-09-22 05:00:00,0.17384608038227026,0.2953606639729295,0.02636713874325799,17.494981664999475,
P4,2025-09-22 06:00:00,0.17402146092404014,0.30745973723747355,0.021502568595398404,15.70003423593082,
P4,2025-09-22 07:00:00,0.17812172676171445,0.3646530750432785,0.03370852677878632,22.778571960517162,
P4,2025-09-22 08:00:00,0.20717238832857188,0.7768238590750498,0.027637071852760948,34.32113018380681,
P4,2025-09-22 09:00:00,0.1988995437786153,0.3832963193707229,0.027325240197500274,45.14678437496619,
P4,2025-09-22 10:00:00,0.1772342770115222,0.3010353905630526,0.035359585970382724,142.08995336296624,
P4,2025-09-22 11:00:00,0.1813780490439231,0.2705171321931081,0.03341104363299601,45.178230351190464,
P4,2025-09-22 12:00:00,0.17943234928006893,0.30809105549389393,0.03296901667119236,28.08365276485006,
P4,2025-09-22 13:00:00,0.18067832505367074,0.31229673057631463,0.02769620455308845,82.25178548798043,
P4,2025-09-22 14:00:00,0.1771167234453799,0.3514230178919701,0.026606378382781123,180.3635345232507,
P4,2025-09-22 15:00:00,0.1800704539449488,0.33207489612833757,0.03463518026163871,88.59065397723995,
P4,2025-09-22 16:00:00,0.17871147759351716,0.3024120646481246,0.030174136463073698,104.21300734859672,
P4,2025-09-22 17:00:00,0.18458669419512738,0.3062622592193378,0.026801017466821075,65.65228105348271,
P4,2025-09-22 18:00:00,0.18447646765265058,0.31104266062510955,0.02744883562725924,115.79773978788906,
