start,end,duration_min,peak_time,peak_co2,start_co2,end_co2,rise_time_min,rise_rate_ppm_min,est_people_heuristic,est_people_mass,est_people_band,device_id
2025-07-17 23:17:20,2025-07-17 23:40:50,23.5,2025-07-17 23:17:20,545.0,545.0,517.0,0.0,0.0,0.0,0.0,~0-10% cap,P3
2025-07-18 00:02:43,2025-07-18 06:16:42,373.98333333333335,2025-07-18 04:42:12,557.0,502.0,550.0,279.48333333333335,0.19679169896833443,1.5,0.0,~0-10% cap,P3
2025-07-18 06:37:03,2025-07-18 07:48:53,71.83333333333333,2025-07-18 07:48:53,653.0,453.0,653.0,71.83333333333333,2.7842227378190256,20.9,0.1,30-60% cap,P3
2025-07-18 09:57:45,2025-07-18 20:15:34,617.8166666666667,2025-07-18 13:56:22,963.0,654.0,720.0,238.61666666666667,1.2949640287769784,9.7,0.0,10-30% cap,P3
2025-07-18 21:44:34,2025-07-18 21:59:04,14.5,2025-07-18 21:52:34,593.0,589.0,586.0,8.0,0.5,3.8,0.0,~0-10% cap,P3
2025-07-18 22:11:34,2025-07-18 22:56:03,44.483333333333334,2025-07-18 22:11:34,578.0,578.0,553.0,0.0,0.0,0.0,0.0,~0-10% cap,P3
2025-07-18 23:14:03,2025-07-18 23:52:03,38.0,2025-07-18 23:24:33,542.0,540.0,532.0,10.5,0.19047619047619047,1.4,0.0,~0-10% cap,P3
2025-07-19 00:05:33,2025-07-19 00:26:33,21.0,2025-07-19 00:05:33,527.0,527.0,518.0,0.0,0.0,0.0,0.0,~0-10% cap,P3
2025-07-19 00:37:03,2025-07-19 00:43:33,6.5,2025-07-19 00:37:03,515.0,515.0,513.0,0.0,0.0,0.0,0.0,~0-10% cap,P3
2025-07-19 00:57:33,2025-07-19 20:10:00,1152.45,2025-07-19 00:57:33,506.0,506.0,463.0,0.0,0.0,0.0,0.0,~0-10% cap,P3
2025-07-19 20:21:00,2025-07-19 20:47:00,26.0,2025-07-19 20:23:59,462.0,459.0,429.0,2.9833333333333334,1.005586592178771,7.5,0.0,10-30% cap,P3
2025-07-19 20:58:29,2025-07-20 01:48:59,290.5,2025-07-20 00:16:29,435.0,428.0,431.0,198.0,0.03535353535353535,0.3,0.0,~0-10% cap,P3
2025-07-20 01:59:28,2025-07-20 02:50:58,51.5,2025-07-20 02:05:28,433.0,429.0,430.0,6.0,0.6666666666666666,5.0,0.0,~0-10% cap,P3
2025-07-20 03:02:28,2025-07-20 05:11:28,129.0,2025-07-20 05:05:58,435.0,430.0,432.0,123.5,0.04048582995951417,0.3,0.0,~0-10% cap,P3
2025-07-20 05:23:28,2025-07-20 08:59:57,216.48333333333332,2025-07-20 07:06:58,437.0,428.0,437.0,103.5,0.08695652173913043,0.7,0.0,~0-10% cap,P3
2025-07-20 09:14:58,2025-07-20 12:48:26,213.46666666666667,2025-07-20 09:14:58,437.0,437.0,431.0,0.0,0.0,0.0,0.0,~0-10% cap,P3
2025-07-20 12:59:26,2025-07-20 16:04:56,185.5,2025-07-20 13:09:26,423.0,420.0,412.0,10.0,0.3,2.2,0.0,~0-10% cap,P3
2025-07-20 16:15:29,2025-07-20 20:24:31,249.03333333333333,2025-07-20 19:29:44,434.0,408.0,433.0,194.25,0.13384813384813385,1.0,0.0,~0-10% cap,P3
2025-07-20 20:43:24,2025-07-20 21:05:16,21.866666666666667,2025-07-20 20:53:40,473.0,434.0,466.0,10.266666666666667,3.7987012987012982,28.5,0.1,30-60% cap,P3
2025-07-21 08:32:30,2025-07-21 19:20:52,648.3666666666667,2025-07-21 14:34:35,923.0,515.0,748.0,362.0833333333333,1.126812428078251,8.5,0.0,10-30% cap,P3
2025-07-21 20:25:59,2025-07-21 20:44:59,19.0,2025-07-21 20:25:59,662.0,662.0,627.0,0.0,0.0,0.0,0.0,~0-10% cap,P3
2025-07-21 20:55:59,2025-07-21 21:05:29,9.5,2025-07-21 20:55:59,611.0,611.0,605.0,0.0,0.0,0.0,0.0,~0-10% cap,P3
2025-07-21 21:19:59,2025-07-22 02:19:58,299.98333333333335,2025-07-21 21:19:59,587.0,587.0,486.0,0.0,0.0,0.0,0.0,~0-10% cap,P3
2025-07-22 02:31:58,2025-07-22 03:15:58,44.0,2025-07-22 02:37:58,486.0,484.0,484.0,6.0,0.3333333333333333,2.5,0.0,~0-10% cap,P3
2025-07-22 03:29:58,2025-07-22 07:39:27,249.48333333333332,2025-07-22 03:35:28,483.0,478.0,481.0,5.5,0.9090909090909091,6.8,0.0,~0-10% cap,P3
2025-07-22 07:59:57,2025-07-22 19:20:25,680.4666666666667,2025-07-22 16:17:26,1005.0,452.0,723.0,497.48333333333335,1.111595028309156,8.3,0.0,10-30% cap,P3
2025-07-22 19:39:55,2025-07-22 19:47:25,7.5,2025-07-22 19:39:55,699.0,699.0,692.0,0.0,0.0,0.0,0.0,~0-10% cap,P3
2025-07-22 20:05:18,2025-07-22 20:59:19,54.016666666666666,2025-07-22 20:08:48,683.0,680.0,634.0,3.5,0.8571428571428571,6.4,0.0,~0-10% cap,P3
2025-07-22 21:19:18,2025-07-22 22:10:18,51.0,2025-07-22 21:19:18,598.0,598.0,567.0,0.0,0.0,0.0,0.0,~0-10% cap,P3
2025-07-22 22:23:18,2025-07-22 23:13:48,50.5,2025-07-22 22:23:18,561.0,561.0,539.0,0.0,0.0,0.0,0.0,~0-10% cap,P3
2025-07-22 23:27:48,2025-07-22 23:48:48,21.0,2025-07-22 23:34:18,533.0,529.0,524.0,6.5,0.6153846153846154,4.6,0.0,~0-10% cap,P3
2025-07-22 23:59:51,2025-07-23 02:29:47,149.93333333333334,2025-07-23 00:02:21,521.0,516.0,494.0,2.5,2.0,15.0,0.1,10-30% cap,P3
2025-07-23 02:41:17,2025-07-23 07:28:46,287.48333333333335,2025-07-23 02:57:17,494.0,486.0,483.0,16.0,0.5,3.8,0.0,~0-10% cap,P3
2025-07-23 07:54:46,2025-07-23 18:58:09,663.3833333333333,2025-07-23 11:39:39,1957.0,441.0,743.0,224.88333333333333,6.741273252797747,30.0,0.2,60-90% cap,P3
2025-07-23 19:55:09,2025-07-23 21:12:50,77.68333333333334,2025-07-23 19:55:09,685.0,685.0,627.0,0.0,0.0,0.0,0.0,~0-10% cap,P3
2025-07-23 21:26:20,2025-07-23 22:27:50,61.5,2025-07-23 21:28:50,599.0,596.0,564.0,2.5,1.2,9.0,0.0,10-30% cap,P3
2025-07-23 22:44:50,2025-07-23 23:16:50,32.0,2025-07-23 22:44:50,557.0,557.0,543.0,0.0,0.0,0.0,0.0,~0-10% cap,P3
2025-07-23 23:30:19,2025-07-24 00:06:49,36.5,2025-07-23 23:37:20,534.0,533.0,527.0,7.016666666666667,0.14251781472684086,1.1,0.0,~0-10% cap,P3
2025-07-24 00:20:19,2025-07-24 19:58:33,1178.2333333333333,2025-07-24 18:12:04,855.0,518.0,743.0,1071.75,0.3144390016328435,2.4,0.0,~0-10% cap,P3
2025-07-24 20:10:04,2025-07-24 20:30:34,20.5,2025-07-24 20:10:04,733.0,733.0,714.0,0.0,0.0,0.0,0.0,~0-10% cap,P3
2025-07-24 20:55:04,2025-07-24 21:04:04,9.0,2025-07-24 20:55:04,675.0,675.0,665.0,0.0,0.0,0.0,0.0,~0-10% cap,P3
2025-07-24 21:41:34,2025-07-25 00:27:33,165.98333333333332,2025-07-24 21:41:34,612.0,612.0,532.0,0.0,0.0,0.0,0.0,~0-10% cap,P3
2025-07-25 00:40:03,2025-07-25 05:40:32,300.48333333333335,2025-07-25 00:43:33,529.0,528.0,489.0,3.5,0.2857142857142857,2.1,0.0,~0-10% cap,P3
2025-07-25 05:58:02,2025-07-25 07:29:02,91.0,2025-07-25 06:00:02,487.0,484.0,483.0,2.0,1.5,11.2,0.1,10-30% cap,P3
2025-07-25 07:48:02,2025-07-25 19:54:30,726.4666666666667,2025-07-25 13:55:01,1093.0,464.0,700.0,366.98333333333335,1.7139742949271084,12.9,0.1,10-30% cap,P3
2025-07-25 20:05:48,2025-07-25 20:22:17,16.483333333333334,2025-07-25 20:05:48,691.0,691.0,667.0,0.0,0.0,0.0,0.0,~0-10% cap,P3
2025-07-25 20:52:47,2025-07-25 22:30:47,98.0,2025-07-25 20:52:47,612.0,612.0,551.0,0.0,0.0,0.0,0.0,~0-10% cap,P3
2025-07-25 22:45:17,2025-07-25 23:00:47,15.5,2025-07-25 22:45:17,543.0,543.0,538.0,0.0,0.0,0.0,0.0,~0-10% cap,P3
2025-07-25 23:12:17,2025-07-26 00:08:16,55.983333333333334,2025-07-25 23:12:47,531.0,529.0,514.0,0.5,4.0,30.0,0.1,30-60% cap,P3
2025-07-26 00:23:46,2025-07-26 00:36:16,12.5,2025-07-26 00:23:46,509.0,509.0,507.0,0.0,0.0,0.0,0.0,~0-10% cap,P3
2025-07-26 00:48:46,2025-07-26 01:02:16,13.5,2025-07-26 01:02:16,505.0,504.0,505.0,13.5,0.07407407407407407,0.6,0.0,~0-10% cap,P3
2025-07-26 01:13:16,2025-07-26 03:30:46,137.5,2025-07-26 01:13:16,499.0,499.0,486.0,0.0,0.0,0.0,0.0,~0-10% cap,P3
2025-07-26 03:41:46,2025-07-26 04:45:46,64.0,2025-07-26 03:49:16,487.0,476.0,482.0,7.5,1.4666666666666666,11.0,0.1,10-30% cap,P3
2025-07-26 05:00:46,2025-07-26 11:44:14,403.46666666666664,2025-07-26 11:43:44,494.0,480.0,494.0,402.96666666666664,0.03474232773595831,0.3,0.0,~0-10% cap,P3
2025-07-26 11:54:44,2025-07-26 16:28:14,273.5,2025-07-26 14:47:44,500.0,492.0,492.0,173.0,0.046242774566473986,0.3,0.0,~0-10% cap,P3
2025-07-26 16:39:43,2025-07-26 16:46:43,7.0,2025-07-26 16:46:43,495.0,491.0,495.0,7.0,0.5714285714285714,4.3,0.0,~0-10% cap,P3
2025-07-26 17:01:13,2025-07-27 01:24:58,503.75,2025-07-26 17:22:13,497.0,489.0,415.0,21.0,0.38095238095238093,2.9,0.0,~0-10% cap,P3
2025-07-27 01:37:28,2025-07-27 03:46:58,129.5,2025-07-27 01:39:28,415.0,412.0,413.0,2.0,1.5,11.2,0.1,10-30% cap,P3
2025-07-27 04:01:27,2025-07-27 04:51:57,50.5,2025-07-27 04:35:28,416.0,405.0,413.0,34.016666666666666,0.3233708966193043,2.4,0.0,~0-10% cap,P3
2025-07-27 05:13:27,2025-07-27 11:22:56,369.48333333333335,2025-07-27 10:35:56,416.0,410.0,415.0,322.48333333333335,0.018605612693162438,0.1,0.0,~0-10% cap,P3
2025-07-27 11:33:26,2025-07-27 15:05:56,212.5,2025-07-27 12:07:26,415.0,413.0,414.0,34.0,0.058823529411764705,0.4,0.0,~0-10% cap,P3
2025-07-27 15:18:25,2025-07-27 19:01:25,223.0,2025-07-27 18:20:25,414.0,408.0,411.0,182.0,0.03296703296703297,0.2,0.0,~0-10% cap,P3
2025-07-27 19:16:24,2025-07-27 22:26:54,190.5,2025-07-27 21:30:24,451.0,403.0,447.0,134.0,0.3582089552238806,2.7,0.0,~0-10% cap,P3
2025-07-27 22:37:24,2025-07-28 00:59:53,142.48333333333332,2025-07-27 23:21:24,452.0,445.0,448.0,44.0,0.1590909090909091,1.2,0.0,~0-10% cap,P3
2025-07-28 01:12:53,2025-07-28 07:54:22,401.48333333333335,2025-07-28 07:39:22,518.0,445.0,496.0,386.48333333333335,0.18888265988184053,1.4,0.0,~0-10% cap,P3
2025-07-28 08:17:22,2025-07-28 11:38:54,201.53333333333333,2025-07-28 11:36:52,732.0,469.0,730.0,199.5,1.318295739348371,9.9,0.0,10-30% cap,P3
2025-07-28 11:49:21,2025-07-28 19:14:50,445.48333333333335,2025-07-28 14:42:51,933.0,716.0,721.0,173.5,1.2507204610951008,9.4,0.0,10-30% cap,P3
2025-07-28 19:25:20,2025-07-28 19:34:20,9.0,2025-07-28 19:25:50,713.0,712.0,700.0,0.5,2.0,15.0,0.1,10-30% cap,P3
2025-07-28 21:08:19,2025-07-28 21:15:49,7.5,2025-07-28 21:08:19,581.0,581.0,575.0,0.0,0.0,0.0,0.0,~0-10% cap,P3
2025-07-28 21:33:49,2025-07-28 21:50:19,16.5,2025-07-28 21:50:19,542.0,538.0,542.0,16.5,0.24242424242424243,1.8,0.0,~0-10% cap,P3
2025-07-28 22:10:49,2025-07-28 22:25:19,14.5,2025-07-28 22:10:49,529.0,529.0,525.0,0.0,0.0,0.0,0.0,~0-10% cap,P3
2025-07-28 22:49:19,2025-07-28 23:25:19,36.0,2025-07-28 22:49:19,516.0,516.0,500.0,0.0,0.0,0.0,0.0,~0-10% cap,P3
2025-07-28 23:44:19,2025-07-28 23:57:49,13.5,2025-07-28 23:44:19,493.0,493.0,490.0,0.0,0.0,0.0,0.0,~0-10% cap,P3
2025-07-29 00:10:18,2025-07-29 01:32:48,82.5,2025-07-29 00:11:48,486.0,485.0,471.0,1.5,0.6666666666666666,5.0,0.0,~0-10% cap,P3
2025-07-29 01:44:18,2025-07-29 01:51:48,7.5,2025-07-29 01:47:19,468.0,466.0,466.0,3.0166666666666666,0.6629834254143646,5.0,0.0,~0-10% cap,P3
2025-07-29 02:03:18,2025-07-29 02:19:48,16.5,2025-07-29 02:05:18,467.0,466.0,464.0,2.0,0.5,3.8,0.0,~0-10% cap,P3
2025-07-29 02:31:18,2025-07-29 02:50:18,19.0,2025-07-29 02:31:18,462.0,462.0,462.0,0.0,0.0,0.0,0.0,~0-10% cap,P3
2025-07-29 03:01:18,2025-07-29 07:40:47,279.48333333333335,2025-07-29 03:09:48,462.0,460.0,456.0,8.5,0.23529411764705882,1.8,0.0,~0-10% cap,P3
2025-07-29 07:57:17,2025-07-29 18:21:02,623.75,2025-07-29 14:02:30,905.0,420.0,723.0,365.21666666666664,1.3279788253548124,10.0,0.0,10-30% cap,P3
2025-07-29 18:36:32,2025-07-29 18:43:32,7.0,2025-07-29 18:42:02,700.0,697.0,699.0,5.5,0.5454545454545454,4.1,0.0,~0-10% cap,P3
2025-07-29 19:17:02,2025-07-29 19:50:32,33.5,2025-07-29 19:20:02,661.0,658.0,630.0,3.0,1.0,7.5,0.0,10-30% cap,P3
2025-07-29 20:10:52,2025-07-29 21:11:51,60.983333333333334,2025-07-29 20:10:52,611.0,611.0,561.0,0.0,0.0,0.0,0.0,~0-10% cap,P3
2025-07-29 21:29:51,2025-07-29 21:58:51,29.0,2025-07-29 21:29:51,548.0,548.0,530.0,0.0,0.0,0.0,0.0,~0-10% cap,P3
2025-07-29 22:10:22,2025-07-29 23:07:51,57.483333333333334,2025-07-29 22:10:22,520.0,520.0,493.0,0.0,0.0,0.0,0.0,~0-10% cap,P3
2025-07-29 23:22:51,2025-07-30 01:39:21,136.5,2025-07-29 23:24:51,488.0,485.0,454.0,2.0,1.5,11.2,0.1,10-30% cap,P3
2025-07-30 01:49:51,2025-07-30 04:04:50,134.98333333333332,2025-07-30 01:49:51,455.0,455.0,443.0,0.0,0.0,0.0,0.0,~0-10% cap,P3
2025-07-30 04:16:20,2025-07-30 06:43:20,147.0,2025-07-30 04:19:20,446.0,443.0,440.0,3.0,1.0,7.5,0.0,10-30% cap,P3
2025-07-30 06:53:50,2025-07-30 07:41:49,47.983333333333334,2025-07-30 07:31:49,438.0,436.0,401.0,37.983333333333334,0.05265467310223782,0.4,0.0,~0-10% cap,P3
2025-07-30 08:18:19,2025-07-30 11:46:19,208.0,2025-07-30 10:59:19,1492.0,430.0,745.0,161.0,6.596273291925466,30.0,0.2,60-90% cap,P3
2025-07-30 11:57:19,2025-07-30 19:18:17,440.96666666666664,2025-07-30 16:19:20,1943.0,723.0,737.0,262.01666666666665,4.656192354175944,30.0,0.2,30-60% cap,P3
2025-07-30 19:30:17,2025-07-30 19:57:17,27.0,2025-07-30 19:30:17,732.0,732.0,708.0,0.0,0.0,0.0,0.0,~0-10% cap,P3
2025-07-30 20:25:27,2025-07-30 20:43:57,18.5,2025-07-30 20:25:27,686.0,686.0,671.0,0.0,0.0,0.0,0.0,~0-10% cap,P3
2025-07-30 20:56:57,2025-07-30 21:23:56,26.983333333333334,2025-07-30 21:03:27,638.0,635.0,632.0,6.5,0.46153846153846156,3.5,0.0,~0-10% cap,P3
2025-07-30 21:39:57,2025-07-30 22:10:26,30.483333333333334,2025-07-30 21:39:57,618.0,618.0,602.0,0.0,0.0,0.0,0.0,~0-10% cap,P3
2025-07-30 22:27:26,2025-07-31 01:30:56,183.5,2025-07-30 22:27:26,590.0,590.0,517.0,0.0,0.0,0.0,0.0,~0-10% cap,P3
2025-07-31 01:41:26,2025-07-31 07:31:55,350.48333333333335,2025-07-31 01:47:26,514.0,512.0,490.0,6.0,0.3333333333333333,2.5,0.0,~0-10% cap,P3
2025-07-31 07:46:25,2025-07-31 20:27:53,761.4666666666667,2025-07-31 17:08:54,1335.0,458.0,704.0,562.4833333333333,1.5591573083646924,11.7,0.1,10-30% cap,P3
2025-07-31 20:45:23,2025-07-31 21:26:53,41.5,2025-07-31 20:45:23,685.0,685.0,663.0,0.0,0.0,0.0,0.0,~0-10% cap,P3
2025-07-31 21:45:23,2025-07-31 22:38:22,52.983333333333334,2025-07-31 21:50:22,646.0,643.0,605.0,4.983333333333333,0.6020066889632107,4.5,0.0,~0-10% cap,P3
2025-07-31 22:49:52,2025-08-01 00:39:22,109.5,2025-07-31 22:50:22,601.0,600.0,544.0,0.5,2.0,15.0,0.1,10-30% cap,P3
2025-08-01 00:49:52,2025-08-01 02:42:22,112.5,2025-08-01 00:53:22,546.0,541.0,518.0,3.5,1.4285714285714286,10.7,0.1,10-30% cap,P3
2025-08-01 02:52:52,2025-08-01 04:57:21,124.48333333333333,2025-08-01 03:06:22,516.0,514.0,507.0,13.5,0.14814814814814814,1.1,0.0,~0-10% cap,P3
2025-08-01 05:08:21,2025-08-01 07:42:51,154.5,2025-08-01 07:37:51,511.0,494.0,498.0,149.5,0.11371237458193979,0.9,0.0,~0-10% cap,P3
2025-08-01 07:55:51,2025-08-01 19:57:48,721.95,2025-08-01 12:43:20,853.0,468.0,680.0,287.48333333333335,1.3392080700330453,10.0,0.0,10-30% cap,P3
2025-08-01 20:09:10,2025-08-01 20:47:10,38.0,2025-08-01 20:13:41,666.0,663.0,635.0,4.516666666666667,0.6642066420664207,5.0,0.0,~0-10% cap,P3
2025-08-01 21:02:40,2025-08-01 23:24:39,141.98333333333332,2025-08-01 21:02:40,611.0,611.0,553.0,0.0,0.0,0.0,0.0,~0-10% cap,P3
2025-08-01 23:35:39,2025-08-02 12:25:37,769.9666666666667,2025-08-01 23:36:39,549.0,545.0,523.0,1.0,4.0,30.0,0.1,30-60% cap,P3
2025-08-02 12:36:07,2025-08-02 22:39:05,602.9666666666667,2025-08-02 12:36:07,519.0,519.0,417.0,0.0,0.0,0.0,0.0,~0-10% cap,P3
2025-08-02 22:50:05,2025-08-03 01:03:05,133.0,2025-08-02 22:56:05,418.0,414.0,414.0,6.0,0.6666666666666666,5.0,0.0,~0-10% cap,P3
2025-08-03 01:14:35,2025-08-03 02:36:38,82.05,2025-08-03 01:28:37,414.0,407.0,413.0,14.033333333333333,0.498812351543943,3.7,0.0,~0-10% cap,P3
2025-08-03 02:48:34,2025-08-03 05:20:58,152.4,2025-08-03 05:20:28,422.0,414.0,422.0,151.9,0.052666227781435156,0.4,0.0,~0-10% cap,P3
2025-08-03 05:31:28,2025-08-03 10:44:57,313.48333333333335,2025-08-03 08:25:57,431.0,417.0,403.0,174.48333333333332,0.08023688986531666,0.6,0.0,~0-10% cap,P3
2025-08-03 12:02:27,2025-08-04 07:23:24,1160.95,2025-08-04 07:10:23,522.0,425.0,514.0,1147.9333333333334,0.08449968058539985,0.6,0.0,~0-10% cap,P3
2025-08-04 07:39:53,2025-08-04 08:00:23,20.5,2025-08-04 07:39:53,508.0,508.0,498.0,0.0,0.0,0.0,0.0,~0-10% cap,P3
2025-08-04 08:16:23,2025-08-04 19:20:21,663.9666666666667,2025-08-04 16:52:21,954.0,457.0,705.0,515.9666666666667,0.9632405194133987,7.2,0.0,~0-10% cap,P3
2025-08-04 19:45:51,2025-08-04 20:24:05,38.233333333333334,2025-08-04 19:45:51,669.0,669.0,628.0,0.0,0.0,0.0,0.0,~0-10% cap,P3
2025-08-04 20:42:35,2025-08-04 22:20:35,98.0,2025-08-04 20:42:35,612.0,612.0,562.0,0.0,0.0,0.0,0.0,~0-10% cap,P3
2025-08-04 22:32:05,2025-08-05 19:35:01,1262.9333333333334,2025-08-05 17:12:31,975.0,555.0,735.0,1120.4333333333334,0.37485496682831043,2.8,0.0,~0-10% cap,P3
2025-08-05 20:33:26,2025-08-05 20:45:55,12.483333333333333,2025-08-05 20:33:26,658.0,658.0,641.0,0.0,0.0,0.0,0.0,~0-10% cap,P3
2025-08-05 21:19:55,2025-08-05 23:23:25,123.5,2025-08-05 21:19:55,613.0,613.0,554.0,0.0,0.0,0.0,0.0,~0-10% cap,P3
2025-08-05 23:40:55,2025-08-05 23:52:55,12.0,2025-08-05 23:41:55,546.0,545.0,545.0,1.0,1.0,7.5,0.0,10-30% cap,P3
2025-08-06 00:03:25,2025-08-06 03:44:54,221.48333333333332,2025-08-06 00:03:25,539.0,539.0,501.0,0.0,0.0,0.0,0.0,~0-10% cap,P3
2025-08-06 03:55:24,2025-08-06 07:38:24,223.0,2025-08-06 07:37:53,506.0,497.0,505.0,222.48333333333332,0.040452468349689116,0.3,0.0,~0-10% cap,P3
2025-08-06 07:49:53,2025-08-06 19:40:21,710.4666666666667,2025-08-06 16:43:52,2134.0,492.0,738.0,533.9833333333333,3.0750023408970315,23.1,0.1,30-60% cap,P3
2025-08-06 19:54:51,2025-08-06 20:05:04,10.216666666666667,2025-08-06 19:55:51,724.0,723.0,723.0,1.0,1.0,7.5,0.0,10-30% cap,P3
2025-08-06 20:29:33,2025-08-06 21:05:04,35.516666666666666,2025-08-06 20:29:33,690.0,690.0,654.0,0.0,0.0,0.0,0.0,~0-10% cap,P3
2025-08-06 21:16:33,2025-08-06 21:46:03,29.5,2025-08-06 21:16:33,640.0,640.0,620.0,0.0,0.0,0.0,0.0,~0-10% cap,P3
2025-08-06 22:07:33,2025-08-06 22:56:33,49.0,2025-08-06 22:07:33,605.0,605.0,579.0,0.0,0.0,0.0,0.0,~0-10% cap,P3
2025-08-06 23:09:33,2025-08-06 23:38:33,29.0,2025-08-06 23:14:03,569.0,563.0,553.0,4.5,1.3333333333333333,10.0,0.0,10-30% cap,P3
2025-08-06 23:49:33,2025-08-07 01:23:02,93.48333333333333,2025-08-06 23:49:33,548.0,548.0,523.0,0.0,0.0,0.0,0.0,~0-10% cap,P3
2025-08-07 01:34:02,2025-08-07 19:00:29,1046.45,2025-08-07 15:13:30,1003.0,517.0,749.0,819.4666666666667,0.5930686625447446,4.4,0.0,~0-10% cap,P3
2025-08-07 19:14:59,2025-08-07 20:16:29,61.5,2025-08-07 19:30:29,732.0,723.0,700.0,15.5,0.5806451612903226,4.4,0.0,~0-10% cap,P3
2025-08-07 20:28:29,2025-08-07 20:33:59,5.5,2025-08-07 20:28:29,691.0,691.0,684.0,0.0,0.0,0.0,0.0,~0-10% cap,P3
2025-08-07 21:47:28,2025-08-07 22:39:29,52.016666666666666,2025-08-07 21:48:58,583.0,580.0,556.0,1.5,2.0,15.0,0.1,10-30% cap,P3
2025-08-07 22:53:58,2025-08-08 00:18:28,84.5,2025-08-07 22:53:58,551.0,551.0,515.0,0.0,0.0,0.0,0.0,~0-10% cap,P3
2025-08-08 00:28:58,2025-08-08 11:28:26,659.4666666666667,2025-08-08 11:24:56,792.0,514.0,754.0,655.9666666666667,0.42380202246049087,3.2,0.0,~0-10% cap,P3
2025-08-08 11:46:26,2025-08-08 19:45:54,479.46666666666664,2025-08-08 17:41:25,824.0,712.0,749.0,354.98333333333335,0.31550777031785526,2.4,0.0,~0-10% cap,P3
2025-08-08 20:45:12,2025-08-08 21:03:12,18.0,2025-08-08 20:45:12,665.0,665.0,651.0,0.0,0.0,0.0,0.0,~0-10% cap,P3
2025-08-08 21:16:12,2025-08-08 21:26:42,10.5,2025-08-08 21:16:12,637.0,637.0,631.0,0.0,0.0,0.0,0.0,~0-10% cap,P3
2025-08-08 21:41:42,2025-08-08 22:50:42,69.0,2025-08-08 21:42:12,605.0,604.0,568.0,0.5,2.0,15.0,0.1,10-30% cap,P3
2025-08-08 23:04:11,2025-08-09 07:03:40,479.48333333333335,2025-08-08 23:06:12,555.0,550.0,513.0,2.0166666666666666,2.479338842975207,18.6,0.1,10-30% cap,P3
2025-08-09 07:14:10,2025-08-09 11:44:39,270.48333333333335,2025-08-09 10:10:09,529.0,511.0,516.0,175.98333333333332,0.10228241310730184,0.8,0.0,~0-10% cap,P3
2025-08-09 11:55:39,2025-08-09 14:04:39,129.0,2025-08-09 12:00:39,513.0,511.0,495.0,5.0,0.4,3.0,0.0,~0-10% cap,P3
2025-08-09 14:20:09,2025-08-09 14:32:39,12.5,2025-08-09 14:27:39,491.0,488.0,491.0,7.5,0.4,3.0,0.0,~0-10% cap,P3
2025-08-09 14:59:09,2025-08-09 16:03:08,63.983333333333334,2025-08-09 16:03:08,452.0,445.0,452.0,63.983333333333334,0.10940349049231571,0.8,0.0,~0-10% cap,P3
2025-08-09 16:14:38,2025-08-09 19:54:38,220.0,2025-08-09 19:51:08,463.0,446.0,462.0,216.5,0.07852193995381063,0.6,0.0,~0-10% cap,P3
2025-08-09 20:05:08,2025-08-09 22:57:07,171.98333333333332,2025-08-09 20:26:38,466.0,457.0,427.0,21.5,0.4186046511627907,3.1,0.0,~0-10% cap,P3
2025-08-09 23:08:08,2025-08-10 00:07:07,58.983333333333334,2025-08-09 23:16:37,425.0,422.0,424.0,8.483333333333333,0.35363457760314343,2.7,0.0,~0-10% cap,P3
2025-08-10 00:18:37,2025-08-10 05:08:06,289.48333333333335,2025-08-10 05:07:36,439.0,419.0,439.0,288.98333333333335,0.06920814349155084,0.5,0.0,~0-10% cap,P3
2025-08-10 05:20:06,2025-08-10 10:41:05,320.98333333333335,2025-08-10 09:40:05,448.0,432.0,439.0,259.98333333333335,0.061542406564523366,0.5,0.0,~0-10% cap,P3
2025-08-10 10:52:35,2025-08-10 12:06:05,73.5,2025-08-10 10:55:05,429.0,424.0,408.0,2.5,2.0,15.0,0.1,10-30% cap,P3
2025-08-10 13:53:04,2025-08-11 05:45:32,952.4666666666667,2025-08-11 04:28:32,496.0,401.0,492.0,875.4666666666667,0.10851355467560159,0.8,0.0,~0-10% cap,P3
2025-08-11 05:59:32,2025-08-11 07:17:31,77.98333333333333,2025-08-11 07:17:31,496.0,486.0,496.0,77.98333333333333,0.12823252831801668,1.0,0.0,~0-10% cap,P3
2025-08-11 07:45:01,2025-08-11 19:22:00,696.9833333333333,2025-08-11 15:39:00,876.0,451.0,750.0,473.98333333333335,0.8966560005626076,6.7,0.0,~0-10% cap,P3
2025-08-11 19:46:00,2025-08-11 20:00:00,14.0,2025-08-11 19:46:00,721.0,721.0,707.0,0.0,0.0,0.0,0.0,~0-10% cap,P3
2025-08-11 20:16:51,2025-08-11 20:26:51,10.0,2025-08-11 20:17:21,695.0,694.0,687.0,0.5,2.0,15.0,0.1,10-30% cap,P3
2025-08-11 20:38:51,2025-08-11 21:05:51,27.0,2025-08-11 20:38:51,674.0,674.0,647.0,0.0,0.0,0.0,0.0,~0-10% cap,P3
2025-08-11 21:35:51,2025-08-11 21:58:51,23.0,2025-08-11 21:35:51,597.0,597.0,574.0,0.0,0.0,0.0,0.0,~0-10% cap,P3
2025-08-11 22:14:21,2025-08-12 00:31:21,137.0,2025-08-11 22:19:51,563.0,559.0,506.0,5.5,0.7272727272727273,5.5,0.0,~0-10% cap,P3
2025-08-12 00:43:50,2025-08-12 19:06:17,1102.45,2025-08-12 11:33:18,1034.0,499.0,744.0,649.4666666666667,0.8237528228289879,6.2,0.0,~0-10% cap,P3
2025-08-12 19:20:47,2025-08-12 19:30:17,9.5,2025-08-12 19:20:47,728.0,728.0,724.0,0.0,0.0,0.0,0.0,~0-10% cap,P3
2025-08-12 21:31:31,2025-08-12 21:48:31,17.0,2025-08-12 21:33:01,565.0,563.0,557.0,1.5,1.3333333333333333,10.0,0.0,10-30% cap,P3
2025-08-12 21:59:00,2025-08-13 06:33:29,514.4833333333333,2025-08-12 21:59:00,551.0,551.0,473.0,0.0,0.0,0.0,0.0,~0-10% cap,P3
2025-08-13 06:43:59,2025-08-13 19:35:27,771.4666666666667,2025-08-13 16:07:57,1306.0,469.0,748.0,563.9666666666667,1.4841302677463206,11.1,0.1,10-30% cap,P3
2025-08-13 20:40:56,2025-08-13 20:51:56,11.0,2025-08-13 20:40:56,657.0,657.0,637.0,0.0,0.0,0.0,0.0,~0-10% cap,P3
2025-08-13 21:08:26,2025-08-13 21:28:56,20.5,2025-08-13 21:08:26,612.0,612.0,600.0,0.0,0.0,0.0,0.0,~0-10% cap,P3
2025-08-13 21:45:26,2025-08-13 22:25:26,40.0,2025-08-13 21:45:26,569.0,569.0,549.0,0.0,0.0,0.0,0.0,~0-10% cap,P3
2025-08-13 22:43:56,2025-08-13 23:06:56,23.0,2025-08-13 22:44:56,537.0,536.0,532.0,1.0,1.0,7.5,0.0,10-30% cap,P3
2025-08-13 23:29:26,2025-08-14 04:33:25,303.98333333333335,2025-08-13 23:29:26,515.0,515.0,473.0,0.0,0.0,0.0,0.0,~0-10% cap,P3
2025-08-14 04:44:25,2025-08-14 05:31:54,47.483333333333334,2025-08-14 04:50:25,472.0,468.0,468.0,6.0,0.6666666666666666,5.0,0.0,~0-10% cap,P3
2025-08-14 05:45:54,2025-08-14 06:21:54,36.0,2025-08-14 06:10:24,469.0,467.0,469.0,24.5,0.08163265306122448,0.6,0.0,~0-10% cap,P3
2025-08-14 06:37:54,2025-08-14 10:40:24,242.5,2025-08-14 10:25:24,876.0,469.0,736.0,227.5,1.789010989010989,13.4,0.1,10-30% cap,P3
2025-08-14 10:50:54,2025-08-14 18:44:22,473.46666666666664,2025-08-14 16:47:22,999.0,719.0,739.0,356.46666666666664,0.7854871890779878,5.9,0.0,~0-10% cap,P3
2025-08-14 18:56:22,2025-08-14 19:17:22,21.0,2025-08-14 18:56:52,727.0,726.0,713.0,0.5,2.0,15.0,0.1,10-30% cap,P3
2025-08-14 19:41:52,2025-08-14 20:17:05,35.21666666666667,2025-08-14 19:41:52,663.0,663.0,653.0,0.0,0.0,0.0,0.0,~0-10% cap,P3
2025-08-14 20:31:35,2025-08-14 20:41:35,10.0,2025-08-14 20:31:35,624.0,624.0,622.0,0.0,0.0,0.0,0.0,~0-10% cap,P3
2025-08-14 21:21:05,2025-08-14 21:31:05,10.0,2025-08-14 21:21:05,586.0,586.0,575.0,0.0,0.0,0.0,0.0,~0-10% cap,P3
2025-08-14 21:45:35,2025-08-14 22:10:05,24.5,2025-08-14 21:49:05,565.0,563.0,553.0,3.5,0.5714285714285714,4.3,0.0,~0-10% cap,P3
2025-08-14 22:27:05,2025-08-14 22:53:05,26.0,2025-08-14 22:27:35,542.0,541.0,531.0,0.5,2.0,15.0,0.1,10-30% cap,P3
2025-08-14 23:07:35,2025-08-15 02:14:34,186.98333333333332,2025-08-14 23:09:05,523.0,520.0,477.0,1.5,2.0,15.0,0.1,10-30% cap,P3
2025-08-15 02:26:34,2025-08-15 03:08:34,42.0,2025-08-15 02:35:34,479.0,474.0,475.0,9.0,0.5555555555555556,4.2,0.0,~0-10% cap,P3
2025-08-15 03:19:04,2025-08-15 04:00:34,41.5,2025-08-15 03:23:34,477.0,474.0,475.0,4.5,0.6666666666666666,5.0,0.0,~0-10% cap,P3
2025-08-15 04:11:04,2025-08-15 18:48:01,876.95,2025-08-15 13:56:32,859.0,471.0,733.0,585.4666666666667,0.6627191983602824,5.0,0.0,~0-10% cap,P3
2025-08-15 18:59:31,2025-08-15 19:16:01,16.5,2025-08-15 18:59:31,718.0,718.0,707.0,0.0,0.0,0.0,0.0,~0-10% cap,P3
2025-08-15 19:51:31,2025-08-15 20:04:59,13.466666666666667,2025-08-15 19:51:31,649.0,649.0,635.0,0.0,0.0,0.0,0.0,~0-10% cap,P3
2025-08-15 20:43:29,2025-08-15 20:57:29,14.0,2025-08-15 20:44:29,597.0,596.0,587.0,1.0,1.0,7.5,0.0,10-30% cap,P3
2025-08-15 21:18:29,2025-08-15 22:47:29,89.0,2025-08-15 21:19:59,544.0,539.0,516.0,1.5,3.3333333333333335,25.0,0.1,30-60% cap,P3
2025-08-15 22:57:59,2025-08-15 23:16:29,18.5,2025-08-15 23:04:29,510.0,508.0,508.0,6.5,0.3076923076923077,2.3,0.0,~0-10% cap,P3
2025-08-15 23:29:29,2025-08-16 07:40:57,491.46666666666664,2025-08-15 23:30:29,500.0,499.0,482.0,1.0,1.0,7.5,0.0,10-30% cap,P3
2025-08-16 07:52:57,2025-08-16 09:52:27,119.5,2025-08-16 08:53:57,484.0,480.0,475.0,61.0,0.06557377049180328,0.5,0.0,~0-10% cap,P3
2025-08-16 10:15:27,2025-08-16 10:44:57,29.5,2025-08-16 10:16:27,461.0,460.0,450.0,1.0,1.0,7.5,0.0,10-30% cap,P3
2025-08-16 10:57:27,2025-08-17 01:57:24,899.95,2025-08-16 20:10:25,470.0,444.0,425.0,552.9666666666667,0.04701910904816444,0.4,0.0,~0-10% cap,P3
2025-08-17 02:07:54,2025-08-17 05:36:23,208.48333333333332,2025-08-17 03:06:24,429.0,426.0,427.0,58.5,0.05128205128205128,0.4,0.0,~0-10% cap,P3
2025-08-17 05:48:53,2025-08-17 11:30:52,341.98333333333335,2025-08-17 09:07:53,433.0,425.0,413.0,199.0,0.04020100502512563,0.3,0.0,~0-10% cap,P3
2025-08-17 11:42:52,2025-08-17 13:23:22,100.5,2025-08-17 11:43:52,410.0,409.0,401.0,1.0,1.0,7.5,0.0,10-30% cap,P3
2025-08-17 15:47:21,2025-08-17 15:53:52,6.516666666666667,2025-08-17 15:48:21,404.0,401.0,401.0,1.0,3.0,22.5,0.1,30-60% cap,P3
2025-08-17 16:23:51,2025-08-17 16:43:51,20.0,2025-08-17 16:33:21,405.0,401.0,401.0,9.5,0.42105263157894735,3.2,0.0,~0-10% cap,P3
2025-08-17 16:54:51,2025-08-17 23:27:20,392.48333333333335,2025-08-17 23:19:20,459.0,401.0,458.0,384.48333333333335,0.15085179244874072,1.1,0.0,~0-10% cap,P3
2025-08-17 23:37:50,2025-08-18 03:42:19,244.48333333333332,2025-08-17 23:51:20,458.0,455.0,450.0,13.5,0.2222222222222222,1.7,0.0,~0-10% cap,P3
2025-08-18 03:58:20,2025-08-18 06:18:49,140.48333333333332,2025-08-18 04:43:19,451.0,448.0,438.0,44.983333333333334,0.06669136717302705,0.5,0.0,~0-10% cap,P3
2025-08-18 06:53:49,2025-08-18 22:17:58,924.15,2025-08-18 17:01:17,1125.0,429.0,735.0,607.4666666666667,1.1457418788410887,8.6,0.0,10-30% cap,P3
2025-08-18 22:32:58,2025-08-18 22:45:28,12.5,2025-08-18 22:33:28,720.0,718.0,711.0,0.5,4.0,30.0,0.1,30-60% cap,P3
2025-08-18 22:56:28,2025-08-18 23:20:28,24.0,2025-08-18 22:56:28,697.0,697.0,676.0,0.0,0.0,0.0,0.0,~0-10% cap,P3
2025-08-18 23:45:57,2025-08-19 00:01:27,15.5,2025-08-18 23:45:57,659.0,659.0,642.0,0.0,0.0,0.0,0.0,~0-10% cap,P3
2025-08-19 00:17:27,2025-08-19 00:40:27,23.0,2025-08-19 00:17:27,634.0,634.0,620.0,0.0,0.0,0.0,0.0,~0-10% cap,P3
2025-08-19 00:50:57,2025-08-19 01:39:27,48.5,2025-08-19 00:53:27,611.0,609.0,592.0,2.5,0.8,6.0,0.0,~0-10% cap,P3
2025-08-19 01:53:27,2025-08-19 02:20:27,27.0,2025-08-19 01:53:27,583.0,583.0,574.0,0.0,0.0,0.0,0.0,~0-10% cap,P3
2025-08-19 02:31:57,2025-08-19 05:01:56,149.98333333333332,2025-08-19 02:39:27,570.0,569.0,542.0,7.5,0.13333333333333333,1.0,0.0,~0-10% cap,P3
2025-08-19 05:29:56,2025-08-19 06:02:26,32.5,2025-08-19 05:35:26,537.0,534.0,531.0,5.5,0.5454545454545454,4.1,0.0,~0-10% cap,P3
2025-08-19 06:14:56,2025-08-19 22:11:45,956.8166666666667,2025-08-19 16:47:24,1484.0,527.0,727.0,632.4666666666667,1.5131232212501318,11.3,0.1,10-30% cap,P3
2025-08-19 22:23:45,2025-08-19 23:16:45,53.0,2025-08-19 22:23:45,719.0,719.0,679.0,0.0,0.0,0.0,0.0,~0-10% cap,P3
2025-08-19 23:37:15,2025-08-20 03:18:45,221.5,2025-08-19 23:39:15,664.0,660.0,569.0,2.0,2.0,15.0,0.1,10-30% cap,P3
2025-08-20 03:29:44,2025-08-20 07:34:14,244.5,2025-08-20 03:33:14,564.0,563.0,537.0,3.5,0.2857142857142857,2.1,0.0,~0-10% cap,P3
2025-08-20 07:46:44,2025-08-20 22:14:49,868.0833333333334,2025-08-20 13:10:40,1114.0,513.0,721.0,323.93333333333334,1.8553200246964396,13.9,0.1,10-30% cap,P3
2025-08-20 22:36:18,2025-08-20 22:48:18,12.0,2025-08-20 22:36:18,710.0,710.0,699.0,0.0,0.0,0.0,0.0,~0-10% cap,P3
2025-08-20 23:09:18,2025-08-20 23:30:48,21.5,2025-08-20 23:09:18,685.0,685.0,672.0,0.0,0.0,0.0,0.0,~0-10% cap,P3
2025-08-20 23:43:48,2025-08-21 00:37:48,54.0,2025-08-20 23:43:48,661.0,661.0,634.0,0.0,0.0,0.0,0.0,~0-10% cap,P3
2025-08-21 00:54:48,2025-08-21 02:17:17,82.48333333333333,2025-08-21 00:54:48,621.0,621.0,593.0,0.0,0.0,0.0,0.0,~0-10% cap,P3
2025-08-21 02:32:17,2025-08-21 03:46:47,74.5,2025-08-21 02:35:17,586.0,583.0,569.0,3.0,1.0,7.5,0.0,10-30% cap,P3
2025-08-21 03:57:47,2025-08-21 04:51:47,54.0,2025-08-21 04:01:18,564.0,563.0,560.0,3.5166666666666666,0.2843601895734597,2.1,0.0,~0-10% cap,P3
2025-08-21 05:02:17,2025-08-21 21:56:21,1014.0666666666667,2025-08-21 15:35:15,1207.0,550.0,732.0,632.9666666666667,1.0379693506767076,7.8,0.0,10-30% cap,P3
2025-08-21 22:11:21,2025-08-21 22:23:51,12.5,2025-08-21 22:11:21,725.0,725.0,715.0,0.0,0.0,0.0,0.0,~0-10% cap,P3
2025-08-21 22:34:51,2025-08-21 23:28:51,54.0,2025-08-21 22:36:51,707.0,706.0,677.0,2.0,0.5,3.8,0.0,~0-10% cap,P3
2025-08-21 23:45:21,2025-08-22 00:24:50,39.483333333333334,2025-08-21 23:45:21,664.0,664.0,647.0,0.0,0.0,0.0,0.0,~0-10% cap,P3
2025-08-22 00:52:20,2025-08-22 01:12:20,20.0,2025-08-22 00:52:20,630.0,630.0,623.0,0.0,0.0,0.0,0.0,~0-10% cap,P3
2025-08-22 01:44:20,2025-08-22 01:58:50,14.5,2025-08-22 01:53:50,609.0,607.0,607.0,9.5,0.21052631578947367,1.6,0.0,~0-10% cap,P3
2025-08-22 02:10:50,2025-08-22 02:57:20,46.5,2025-08-22 02:13:21,598.0,595.0,589.0,2.5166666666666666,1.1920529801324504,8.9,0.0,10-30% cap,P3
2025-08-22 03:11:50,2025-08-22 03:26:50,15.0,2025-08-22 03:12:50,585.0,580.0,582.0,1.0,5.0,30.0,0.2,60-90% cap,P3
2025-08-22 03:37:50,2025-08-22 22:39:49,1141.9833333333333,2025-08-22 13:39:48,1089.0,581.0,750.0,601.9666666666667,0.843900548203112,6.3,0.0,~0-10% cap,P3
2025-08-22 23:00:19,2025-08-22 23:46:19,46.0,2025-08-22 23:00:19,729.0,729.0,694.0,0.0,0.0,0.0,0.0,~0-10% cap,P3
2025-08-22 23:56:49,2025-08-23 00:48:20,51.516666666666666,2025-08-22 23:56:49,687.0,687.0,650.0,0.0,0.0,0.0,0.0,~0-10% cap,P3
2025-08-23 01:08:19,2025-08-23 01:33:19,25.0,2025-08-23 01:08:19,635.0,635.0,622.0,0.0,0.0,0.0,0.0,~0-10% cap,P3
2025-08-23 02:07:49,2025-08-23 07:43:48,335.98333333333335,2025-08-23 02:07:49,604.0,604.0,528.0,0.0,0.0,0.0,0.0,~0-10% cap,P3
2025-08-23 07:54:18,2025-08-23 09:03:48,69.5,2025-08-23 07:54:18,525.0,525.0,510.0,0.0,0.0,0.0,0.0,~0-10% cap,P3
2025-08-23 09:17:18,2025-08-23 09:32:47,15.483333333333333,2025-08-23 09:17:18,506.0,506.0,504.0,0.0,0.0,0.0,0.0,~0-10% cap,P3
2025-08-23 09:44:17,2025-08-23 10:10:17,26.0,2025-08-23 09:44:17,504.0,504.0,502.0,0.0,0.0,0.0,0.0,~0-10% cap,P3
2025-08-23 10:23:47,2025-08-23 10:50:18,26.516666666666666,2025-08-23 10:25:48,500.0,498.0,496.0,2.0166666666666666,0.9917355371900827,7.4,0.0,~0-10% cap,P3
2025-08-23 11:02:17,2025-08-23 11:27:47,25.5,2025-08-23 11:18:18,498.0,494.0,494.0,16.016666666666666,0.24973985431841833,1.9,0.0,~0-10% cap,P3
2025-08-23 11:39:47,2025-08-23 11:44:47,5.0,2025-08-23 11:39:47,494.0,494.0,494.0,0.0,0.0,0.0,0.0,~0-10% cap,P3
2025-08-23 11:59:47,2025-08-23 15:11:16,191.48333333333332,2025-08-23 14:13:47,507.0,489.0,485.0,134.0,0.13432835820895522,1.0,0.0,~0-10% cap,P3
2025-08-23 15:24:46,2025-08-23 16:07:16,42.5,2025-08-23 15:24:46,479.0,479.0,477.0,0.0,0.0,0.0,0.0,~0-10% cap,P3
2025-08-23 16:19:46,2025-08-24 05:05:44,765.9666666666667,2025-08-23 20:10:46,496.0,474.0,422.0,231.0,0.09523809523809523,0.7,0.0,~0-10% cap,P3
2025-08-24 05:16:14,2025-08-24 07:21:43,125.48333333333333,2025-08-24 07:02:14,428.0,421.0,426.0,106.0,0.0660377358490566,0.5,0.0,~0-10% cap,P3
2025-08-24 07:32:44,2025-08-24 07:55:14,22.5,2025-08-24 07:34:13,426.0,424.0,423.0,1.4833333333333334,1.348314606741573,10.1,0.0,10-30% cap,P3
2025-08-24 08:05:43,2025-08-24 11:16:43,191.0,2025-08-24 08:05:43,426.0,426.0,402.0,0.0,0.0,0.0,0.0,~0-10% cap,P3
2025-08-24 12:56:13,2025-08-24 14:31:42,95.48333333333333,2025-08-24 14:25:43,440.0,424.0,439.0,89.5,0.1787709497206704,1.3,0.0,~0-10% cap,P3
2025-08-24 14:42:12,2025-08-24 18:38:41,236.48333333333332,2025-08-24 17:10:42,459.0,437.0,456.0,148.5,0.14814814814814814,1.1,0.0,~0-10% cap,P3
2025-08-24 18:52:11,2025-08-25 00:43:40,351.48333333333335,2025-08-25 00:16:40,463.0,455.0,462.0,324.48333333333335,0.02465457907442601,0.2,0.0,~0-10% cap,P3
2025-08-25 00:54:10,2025-08-25 06:24:10,330.0,2025-08-25 05:53:09,471.0,460.0,466.0,298.98333333333335,0.036791348458665475,0.3,0.0,~0-10% cap,P3
2025-08-25 06:38:39,2025-08-25 22:46:05,967.4333333333333,2025-08-25 15:16:08,1122.0,408.0,715.0,517.4833333333333,1.3797545814680021,10.3,0.0,10-30% cap,P3
2025-08-25 22:56:35,2025-08-25 23:01:35,5.0,2025-08-25 22:56:35,707.0,707.0,701.0,0.0,0.0,0.0,0.0,~0-10% cap,P3
2025-08-25 23:47:05,2025-08-26 01:48:35,121.5,2025-08-25 23:47:05,670.0,670.0,606.0,0.0,0.0,0.0,0.0,~0-10% cap,P3
2025-08-26 02:01:05,2025-08-26 02:55:05,54.0,2025-08-26 02:01:35,602.0,601.0,584.0,0.5,2.0,15.0,0.1,10-30% cap,P3
2025-08-26 03:11:05,2025-08-26 03:16:05,5.0,2025-08-26 03:11:05,578.0,578.0,577.0,0.0,0.0,0.0,0.0,~0-10% cap,P3
2025-08-26 03:28:05,2025-08-26 04:10:04,41.983333333333334,2025-08-26 03:28:05,573.0,573.0,562.0,0.0,0.0,0.0,0.0,~0-10% cap,P3
2025-08-26 04:20:34,2025-08-26 04:52:04,31.5,2025-08-26 04:21:04,560.0,559.0,554.0,0.5,2.0,15.0,0.1,10-30% cap,P3
2025-08-26 05:04:04,2025-08-28 19:12:22,3728.3,2025-08-28 17:00:52,1240.0,551.0,736.0,3596.8,0.1915591637010676,1.4,0.0,~0-10% cap,P3
2025-08-28 19:35:52,2025-08-28 19:47:22,11.5,2025-08-28 19:46:52,713.0,706.0,710.0,11.0,0.6363636363636364,4.8,0.0,~0-10% cap,P3
2025-08-28 20:28:01,2025-08-28 20:57:01,29.0,2025-08-28 20:28:01,663.0,663.0,643.0,0.0,0.0,0.0,0.0,~0-10% cap,P3
2025-08-28 21:38:01,2025-08-29 00:24:30,166.48333333333332,2025-08-28 21:38:01,610.0,610.0,557.0,0.0,0.0,0.0,0.0,~0-10% cap,P3
2025-08-29 00:35:00,2025-08-29 01:38:00,63.0,2025-08-29 00:40:00,555.0,552.0,545.0,5.0,0.6,4.5,0.0,~0-10% cap,P3
2025-08-29 01:48:30,2025-08-29 03:20:00,91.5,2025-08-29 01:53:00,543.0,542.0,537.0,4.5,0.2222222222222222,1.7,0.0,~0-10% cap,P3
2025-08-29 03:30:30,2025-08-29 03:38:30,8.0,2025-08-29 03:34:00,538.0,536.0,538.0,3.5,0.5714285714285714,4.3,0.0,~0-10% cap,P3
2025-08-29 03:52:12,2025-08-29 04:53:58,61.766666666666666,2025-08-29 03:52:12,539.0,539.0,537.0,0.0,0.0,0.0,0.0,~0-10% cap,P3
2025-08-29 17:41:00,2025-08-29 19:05:05,84.08333333333333,2025-08-29 17:41:01,920.0,576.0,738.0,0.016666666666666666,16500.0,30.0,30.0,>=90% cap,P3
2025-08-29 19:18:35,2025-08-29 19:55:35,37.0,2025-08-29 19:19:05,723.0,722.0,691.0,0.5,2.0,15.0,0.1,10-30% cap,P3
2025-08-29 20:36:12,2025-08-29 20:55:12,19.0,2025-08-29 20:36:12,630.0,630.0,625.0,0.0,0.0,0.0,0.0,~0-10% cap,P3
2025-08-29 21:08:42,2025-08-29 22:54:12,105.5,2025-08-29 21:09:12,613.0,612.0,568.0,0.5,2.0,15.0,0.1,10-30% cap,P3
2025-08-29 23:04:42,2025-08-30 00:43:12,98.5,2025-08-29 23:04:42,564.0,564.0,552.0,0.0,0.0,0.0,0.0,~0-10% cap,P3
2025-08-30 00:55:42,2025-08-30 02:39:41,103.98333333333333,2025-08-30 00:55:42,548.0,548.0,539.0,0.0,0.0,0.0,0.0,~0-10% cap,P3
2025-08-30 02:50:11,2025-08-30 10:37:40,467.48333333333335,2025-08-30 02:56:12,538.0,535.0,496.0,6.016666666666667,0.4986149584487535,3.7,0.0,~0-10% cap,P3
2025-08-30 10:48:40,2025-08-30 12:53:39,124.98333333333333,2025-08-30 10:57:10,494.0,489.0,489.0,8.5,0.5882352941176471,4.4,0.0,~0-10% cap,P3
2025-08-30 13:06:39,2025-08-30 17:04:39,238.0,2025-08-30 17:04:09,502.0,486.0,502.0,237.5,0.06736842105263158,0.5,0.0,~0-10% cap,P3
2025-08-30 17:15:39,2025-08-30 22:19:08,303.48333333333335,2025-08-30 17:15:39,501.0,501.0,426.0,0.0,0.0,0.0,0.0,~0-10% cap,P3
2025-08-30 22:29:38,2025-08-31 01:43:07,193.48333333333332,2025-08-31 01:25:37,428.0,423.0,428.0,175.98333333333332,0.028411781418694954,0.2,0.0,~0-10% cap,P3
2025-08-31 01:53:37,2025-08-31 02:06:37,13.0,2025-08-31 02:06:07,428.0,425.0,428.0,12.5,0.24,1.8,0.0,~0-10% cap,P3
2025-08-31 02:17:37,2025-08-31 09:12:06,414.48333333333335,2025-08-31 07:00:36,440.0,429.0,431.0,282.98333333333335,0.03887154720537134,0.3,0.0,~0-10% cap,P3
2025-08-31 09:25:06,2025-08-31 09:32:36,7.5,2025-08-31 09:26:06,429.0,427.0,427.0,1.0,2.0,15.0,0.1,10-30% cap,P3
2025-08-31 09:47:35,2025-08-31 10:09:35,22.0,2025-08-31 09:49:36,428.0,425.0,423.0,2.0166666666666666,1.4876033057851241,11.2,0.1,10-30% cap,P3
2025-08-31 10:29:05,2025-08-31 11:46:05,77.0,2025-08-31 10:38:35,424.0,422.0,423.0,9.5,0.21052631578947367,1.6,0.0,~0-10% cap,P3
2025-08-31 11:56:35,2025-08-31 12:10:05,13.5,2025-08-31 12:10:05,423.0,420.0,423.0,13.5,0.2222222222222222,1.7,0.0,~0-10% cap,P3
2025-08-31 12:22:05,2025-08-31 13:15:05,53.0,2025-08-31 12:31:35,421.0,420.0,417.0,9.5,0.10526315789473684,0.8,0.0,~0-10% cap,P3
2025-08-31 13:29:35,2025-08-31 13:46:35,17.0,2025-08-31 13:30:05,415.0,413.0,413.0,0.5,4.0,30.0,0.1,30-60% cap,P3
2025-08-31 13:57:05,2025-08-31 15:53:05,116.0,2025-08-31 15:45:34,429.0,408.0,428.0,108.48333333333333,0.19357812259947765,1.5,0.0,~0-10% cap,P3
2025-08-31 16:12:04,2025-08-31 16:18:34,6.5,2025-08-31 16:18:04,435.0,428.0,435.0,6.0,1.1666666666666667,8.8,0.0,10-30% cap,P3
2025-08-31 16:29:34,2025-08-31 17:04:34,35.0,2025-08-31 17:00:04,430.0,428.0,430.0,30.5,0.06557377049180328,0.5,0.0,~0-10% cap,P3
2025-08-31 17:16:04,2025-08-31 19:11:04,115.0,2025-08-31 19:11:04,439.0,429.0,439.0,115.0,0.08695652173913043,0.7,0.0,~0-10% cap,P3
2025-08-31 19:23:34,2025-08-31 22:58:03,214.48333333333332,2025-08-31 22:54:03,491.0,436.0,488.0,210.48333333333332,0.26130334943384276,2.0,0.0,~0-10% cap,P3
2025-08-31 23:21:33,2025-09-01 00:10:33,49.0,2025-08-31 23:21:33,487.0,487.0,484.0,0.0,0.0,0.0,0.0,~0-10% cap,P3
2025-09-01 00:21:33,2025-09-01 05:02:02,280.48333333333335,2025-09-01 03:04:32,488.0,485.0,488.0,162.98333333333332,0.01840679006033337,0.1,0.0,~0-10% cap,P3
2025-09-01 05:14:32,2025-09-01 06:34:32,80.0,2025-09-01 06:03:32,491.0,486.0,446.0,49.0,0.10204081632653061,0.8,0.0,~0-10% cap,P3
2025-09-01 06:48:02,2025-09-01 18:23:23,695.35,2025-09-01 12:31:24,867.0,420.0,740.0,343.3666666666667,1.3018153577322589,9.8,0.0,10-30% cap,P3
2025-09-01 18:37:53,2025-09-01 19:23:22,45.483333333333334,2025-09-01 18:42:23,721.0,716.0,703.0,4.5,1.1111111111111112,8.3,0.0,10-30% cap,P3
2025-09-01 19:37:22,2025-09-01 19:45:52,8.5,2025-09-01 19:37:22,679.0,679.0,672.0,0.0,0.0,0.0,0.0,~0-10% cap,P3
2025-09-01 19:58:22,2025-09-01 20:12:26,14.066666666666666,2025-09-01 19:58:22,664.0,664.0,651.0,0.0,0.0,0.0,0.0,~0-10% cap,P3
2025-09-01 20:32:26,2025-09-01 21:01:26,29.0,2025-09-01 20:32:56,635.0,634.0,620.0,0.5,2.0,15.0,0.1,10-30% cap,P3
2025-09-01 21:22:55,2025-09-01 21:27:55,5.0,2025-09-01 21:22:55,597.0,597.0,591.0,0.0,0.0,0.0,0.0,~0-10% cap,P3
2025-09-01 21:43:55,2025-09-01 22:08:25,24.5,2025-09-01 21:43:55,576.0,576.0,558.0,0.0,0.0,0.0,0.0,~0-10% cap,P3
2025-09-01 22:20:25,2025-09-01 22:46:26,26.016666666666666,2025-09-01 22:20:25,551.0,551.0,538.0,0.0,0.0,0.0,0.0,~0-10% cap,P3
2025-09-01 23:14:55,2025-09-02 00:01:25,46.5,2025-09-01 23:15:25,529.0,528.0,521.0,0.5,2.0,15.0,0.1,10-30% cap,P3
2025-09-02 00:13:25,2025-09-02 03:02:24,168.98333333333332,2025-09-02 00:14:55,520.0,519.0,502.0,1.5,0.6666666666666666,5.0,0.0,~0-10% cap,P3
2025-09-02 03:12:54,2025-09-02 04:12:54,60.0,2025-09-02 03:12:54,503.0,503.0,498.0,0.0,0.0,0.0,0.0,~0-10% cap,P3
2025-09-02 04:23:54,2025-09-02 19:57:51,933.95,2025-09-02 13:44:22,1036.0,497.0,749.0,560.4666666666667,0.9616985845129059,7.2,0.0,~0-10% cap,P3
2025-09-04 09:37:00,2025-09-04 19:08:56,571.9333333333333,2025-09-04 17:14:57,1266.0,693.0,748.0,457.95,1.2512283000327546,9.4,0.0,10-30% cap,P3
2025-09-05 09:42:50,2025-09-05 18:23:01,520.1833333333333,2025-09-05 13:54:02,847.0,659.0,748.0,251.2,0.748407643312102,5.6,0.0,~0-10% cap,P3
2025-09-05 19:28:31,2025-09-05 19:35:31,7.0,2025-09-05 19:28:31,653.0,653.0,649.0,0.0,0.0,0.0,0.0,~0-10% cap,P3
2025-09-05 20:28:25,2025-09-05 20:39:25,11.0,2025-09-05 20:28:25,599.0,599.0,595.0,0.0,0.0,0.0,0.0,~0-10% cap,P3
2025-09-05 20:52:25,2025-09-05 21:18:54,26.483333333333334,2025-09-05 20:52:25,589.0,589.0,574.0,0.0,0.0,0.0,0.0,~0-10% cap,P3
2025-09-05 21:34:24,2025-09-05 21:39:24,5.0,2025-09-05 21:34:24,567.0,567.0,565.0,0.0,0.0,0.0,0.0,~0-10% cap,P3
2025-09-05 22:04:55,2025-09-05 22:53:55,49.0,2025-09-05 22:04:55,547.0,547.0,531.0,0.0,0.0,0.0,0.0,~0-10% cap,P3
2025-09-05 23:05:24,2025-09-06 00:33:54,88.5,2025-09-05 23:09:24,529.0,528.0,513.0,4.0,0.25,1.9,0.0,~0-10% cap,P3
2025-09-06 00:46:24,2025-09-06 01:16:24,30.0,2025-09-06 00:47:24,513.0,510.0,509.0,1.0,3.0,22.5,0.1,30-60% cap,P3
2025-09-06 01:30:54,2025-09-06 02:32:54,62.0,2025-09-06 01:31:54,508.0,507.0,506.0,1.0,1.0,7.5,0.0,10-30% cap,P3
2025-09-06 02:44:23,2025-09-06 03:58:53,74.5,2025-09-06 03:12:23,504.0,502.0,503.0,28.0,0.07142857142857142,0.5,0.0,~0-10% cap,P3
2025-09-06 04:10:53,2025-09-06 04:30:23,19.5,2025-09-06 04:13:23,504.0,502.0,502.0,2.5,0.8,6.0,0.0,~0-10% cap,P3
2025-09-06 04:43:23,2025-09-06 06:33:53,110.5,2025-09-06 06:13:53,504.0,500.0,502.0,90.5,0.04419889502762431,0.3,0.0,~0-10% cap,P3
2025-09-06 06:48:53,2025-09-06 08:08:22,79.48333333333333,2025-09-06 06:52:53,497.0,495.0,483.0,4.0,0.5,3.8,0.0,~0-10% cap,P3
2025-09-06 08:31:52,2025-09-06 08:56:52,25.0,2025-09-06 08:31:52,483.0,483.0,478.0,0.0,0.0,0.0,0.0,~0-10% cap,P3
2025-09-06 09:08:52,2025-09-06 10:09:52,61.0,2025-09-06 09:10:52,479.0,478.0,475.0,2.0,0.5,3.8,0.0,~0-10% cap,P3
2025-09-06 10:23:22,2025-09-06 12:29:52,126.5,2025-09-06 10:23:22,471.0,471.0,465.0,0.0,0.0,0.0,0.0,~0-10% cap,P3
2025-09-06 12:40:52,2025-09-06 12:47:22,6.5,2025-09-06 12:43:52,463.0,462.0,462.0,3.0,0.3333333333333333,2.5,0.0,~0-10% cap,P3
2025-09-06 13:01:52,2025-09-06 16:11:49,189.95,2025-09-06 15:59:01,481.0,460.0,478.0,177.15,0.11854360711261643,0.9,0.0,~0-10% cap,P3
2025-09-06 16:22:35,2025-09-06 16:45:16,22.683333333333334,2025-09-06 16:31:23,482.0,478.0,482.0,8.8,0.45454545454545453,3.4,0.0,~0-10% cap,P3
2025-09-06 17:31:49,2025-09-06 17:54:55,23.1,2025-09-06 17:54:07,486.0,481.0,486.0,22.3,0.26905829596412556,2.0,0.0,~0-10% cap,P3
2025-09-07 03:53:54,2025-09-07 07:33:00,219.1,2025-09-07 06:03:29,456.0,436.0,456.0,129.58333333333334,0.1620578778135048,1.2,0.0,~0-10% cap,P3
2025-09-07 07:50:59,2025-09-07 07:59:29,8.5,2025-09-07 07:50:59,450.0,450.0,447.0,0.0,0.0,0.0,0.0,~0-10% cap,P3
2025-09-07 08:15:29,2025-09-07 11:21:58,186.48333333333332,2025-09-07 09:05:59,449.0,446.0,432.0,50.5,0.0594059405940594,0.4,0.0,~0-10% cap,P3
2025-09-07 11:32:58,2025-09-07 12:40:59,68.01666666666667,2025-09-07 11:32:58,432.0,432.0,424.0,0.0,0.0,0.0,0.0,~0-10% cap,P3
2025-09-07 12:53:58,2025-09-07 17:49:57,295.98333333333335,2025-09-07 15:45:28,444.0,422.0,441.0,171.5,0.1282798833819242,1.0,0.0,~0-10% cap,P3
2025-09-07 18:00:57,2025-09-07 19:31:27,90.5,2025-09-07 18:24:57,443.0,441.0,440.0,24.0,0.08333333333333333,0.6,0.0,~0-10% cap,P3
2025-09-07 19:41:57,2025-09-07 23:05:56,203.98333333333332,2025-09-07 20:41:57,480.0,440.0,475.0,60.0,0.6666666666666666,5.0,0.0,~0-10% cap,P3
2025-09-07 23:16:26,2025-09-08 00:02:56,46.5,2025-09-07 23:29:26,477.0,476.0,473.0,13.0,0.07692307692307693,0.6,0.0,~0-10% cap,P3
2025-09-08 00:14:56,2025-09-08 06:14:55,359.98333333333335,2025-09-08 06:14:25,478.0,474.0,476.0,359.48333333333335,0.011127080532245351,0.1,0.0,~0-10% cap,P3
2025-09-08 06:50:55,2025-09-08 07:24:25,33.5,2025-09-08 07:21:55,408.0,401.0,405.0,31.0,0.22580645161290322,1.7,0.0,~0-10% cap,P3
2025-09-08 07:38:25,2025-09-08 20:12:03,753.6333333333333,2025-09-08 20:02:03,666.0,401.0,657.0,743.6333333333333,0.35635842036846116,2.7,0.0,~0-10% cap,P3
2025-09-08 20:52:03,2025-09-08 20:58:03,6.0,2025-09-08 20:52:03,609.0,609.0,605.0,0.0,0.0,0.0,0.0,~0-10% cap,P3
2025-09-08 21:34:03,2025-09-08 22:11:33,37.5,2025-09-08 21:34:03,573.0,573.0,557.0,0.0,0.0,0.0,0.0,~0-10% cap,P3
2025-09-08 22:42:32,2025-09-08 22:50:03,7.516666666666667,2025-09-08 22:42:32,539.0,539.0,537.0,0.0,0.0,0.0,0.0,~0-10% cap,P3
2025-09-08 23:39:32,2025-09-08 23:57:32,18.0,2025-09-08 23:41:02,516.0,515.0,511.0,1.5,0.6666666666666666,5.0,0.0,~0-10% cap,P3
2025-09-09 00:08:02,2025-09-09 00:22:32,14.5,2025-09-09 00:08:02,506.0,506.0,503.0,0.0,0.0,0.0,0.0,~0-10% cap,P3
2025-09-09 00:50:02,2025-09-09 01:13:02,23.0,2025-09-09 00:50:02,493.0,493.0,488.0,0.0,0.0,0.0,0.0,~0-10% cap,P3
2025-09-09 01:24:02,2025-09-09 01:31:02,7.0,2025-09-09 01:27:02,485.0,484.0,483.0,3.0,0.3333333333333333,2.5,0.0,~0-10% cap,P3
2025-09-09 01:41:32,2025-09-09 02:59:02,77.5,2025-09-09 01:42:32,480.0,478.0,471.0,1.0,2.0,15.0,0.1,10-30% cap,P3
2025-09-09 03:13:32,2025-09-09 03:24:02,10.5,2025-09-09 03:22:02,468.0,465.0,468.0,8.5,0.35294117647058826,2.6,0.0,~0-10% cap,P3
2025-09-09 03:35:02,2025-09-09 03:55:02,20.0,2025-09-09 03:50:01,466.0,460.0,464.0,14.983333333333333,0.40044493882091214,3.0,0.0,~0-10% cap,P3
2025-09-09 04:05:31,2025-09-09 04:16:31,11.0,2025-09-09 04:07:32,459.0,458.0,458.0,2.0166666666666666,0.49586776859504134,3.7,0.0,~0-10% cap,P3
2025-09-09 04:30:01,2025-09-09 05:04:01,34.0,2025-09-09 04:53:31,461.0,458.0,461.0,23.5,0.1276595744680851,1.0,0.0,~0-10% cap,P3
2025-09-09 05:17:31,2025-09-09 06:26:01,68.5,2025-09-09 05:49:01,462.0,457.0,459.0,31.5,0.15873015873015872,1.2,0.0,~0-10% cap,P3
2025-09-09 06:37:01,2025-09-09 19:52:29,795.4666666666667,2025-09-09 13:32:00,935.0,460.0,745.0,414.98333333333335,1.1446242820996826,8.6,0.0,10-30% cap,P3
2025-09-09 20:07:10,2025-09-09 20:14:09,6.983333333333333,2025-09-09 20:07:10,730.0,730.0,723.0,0.0,0.0,0.0,0.0,~0-10% cap,P3
2025-09-09 20:38:39,2025-09-09 20:45:10,6.516666666666667,2025-09-09 20:38:39,689.0,689.0,680.0,0.0,0.0,0.0,0.0,~0-10% cap,P3
2025-09-09 22:25:09,2025-09-09 23:26:09,61.0,2025-09-09 22:25:39,561.0,560.0,526.0,0.5,2.0,15.0,0.1,10-30% cap,P3
2025-09-10 00:15:09,2025-09-10 00:21:09,6.0,2025-09-10 00:15:09,508.0,508.0,505.0,0.0,0.0,0.0,0.0,~0-10% cap,P3
2025-09-10 00:37:09,2025-09-10 00:58:09,21.0,2025-09-10 00:37:09,497.0,497.0,492.0,0.0,0.0,0.0,0.0,~0-10% cap,P3
2025-09-10 01:11:09,2025-09-10 01:35:08,23.983333333333334,2025-09-10 01:12:39,490.0,489.0,488.0,1.5,0.6666666666666666,5.0,0.0,~0-10% cap,P3
2025-09-10 01:46:09,2025-09-10 03:26:38,100.48333333333333,2025-09-10 01:46:09,487.0,487.0,480.0,0.0,0.0,0.0,0.0,~0-10% cap,P3
2025-09-10 03:39:08,2025-09-10 04:40:08,61.0,2025-09-10 03:40:38,480.0,478.0,476.0,1.5,1.3333333333333333,10.0,0.0,10-30% cap,P3
2025-09-10 04:51:38,2025-09-10 05:05:08,13.5,2025-09-10 04:52:38,477.0,476.0,476.0,1.0,1.0,7.5,0.0,10-30% cap,P3
2025-09-10 05:20:38,2025-09-10 17:39:35,738.95,2025-09-10 15:12:06,900.0,474.0,730.0,591.4666666666667,0.7202434625788998,5.4,0.0,~0-10% cap,P3
2025-09-10 19:49:05,2025-09-10 19:57:05,8.0,2025-09-10 19:50:05,553.0,552.0,548.0,1.0,1.0,7.5,0.0,10-30% cap,P3
2025-09-10 20:59:46,2025-09-10 23:51:46,172.0,2025-09-10 21:00:16,522.0,521.0,492.0,0.5,2.0,15.0,0.1,10-30% cap,P3
2025-09-11 00:03:15,2025-09-11 02:11:15,128.0,2025-09-11 00:03:15,488.0,488.0,481.0,0.0,0.0,0.0,0.0,~0-10% cap,P3
2025-09-11 02:26:15,2025-09-11 06:10:44,224.48333333333332,2025-09-11 02:37:15,482.0,480.0,477.0,11.0,0.18181818181818182,1.4,0.0,~0-10% cap,P3
2025-09-11 06:22:14,2025-09-11 06:53:14,31.0,2025-09-11 06:22:14,478.0,478.0,475.0,0.0,0.0,0.0,0.0,~0-10% cap,P3
2025-09-11 07:18:14,2025-09-11 07:25:44,7.5,2025-09-11 07:18:14,475.0,475.0,472.0,0.0,0.0,0.0,0.0,~0-10% cap,P3
2025-09-11 07:39:14,2025-09-11 08:02:14,23.0,2025-09-11 08:01:44,487.0,459.0,487.0,22.5,1.2444444444444445,9.3,0.0,10-30% cap,P3
2025-09-11 08:17:14,2025-09-11 19:04:42,647.4666666666667,2025-09-11 16:23:42,993.0,473.0,741.0,486.46666666666664,1.0689324379882144,8.0,0.0,10-30% cap,P3
2025-09-11 19:52:42,2025-09-11 20:02:51,10.15,2025-09-11 19:52:42,670.0,670.0,656.0,0.0,0.0,0.0,0.0,~0-10% cap,P3
2025-09-11 20:26:21,2025-09-11 20:51:21,25.0,2025-09-11 20:26:21,628.0,628.0,603.0,0.0,0.0,0.0,0.0,~0-10% cap,P3
2025-09-11 21:56:21,2025-09-11 23:32:50,96.48333333333333,2025-09-11 21:56:21,535.0,535.0,513.0,0.0,0.0,0.0,0.0,~0-10% cap,P3
2025-09-11 23:43:20,2025-09-12 00:24:50,41.5,2025-09-11 23:43:20,510.0,510.0,502.0,0.0,0.0,0.0,0.0,~0-10% cap,P3
2025-09-12 00:45:20,2025-09-12 00:58:20,13.0,2025-09-12 00:47:20,501.0,500.0,495.0,2.0,0.5,3.8,0.0,~0-10% cap,P3
2025-09-12 01:08:50,2025-09-12 02:18:20,69.5,2025-09-12 01:10:20,494.0,493.0,483.0,1.5,0.6666666666666666,5.0,0.0,~0-10% cap,P3
2025-09-12 02:28:50,2025-09-12 04:26:49,117.98333333333333,2025-09-12 02:50:50,481.0,479.0,477.0,22.0,0.09090909090909091,0.7,0.0,~0-10% cap,P3
2025-09-12 04:38:49,2025-09-12 04:44:19,5.5,2025-09-12 04:38:49,479.0,479.0,477.0,0.0,0.0,0.0,0.0,~0-10% cap,P3
2025-09-12 04:56:19,2025-09-12 07:30:19,154.0,2025-09-12 04:59:19,479.0,477.0,476.0,3.0,0.6666666666666666,5.0,0.0,~0-10% cap,P3
2025-09-12 07:41:19,2025-09-12 08:22:19,41.0,2025-09-12 08:20:19,490.0,455.0,490.0,39.0,0.8974358974358975,6.7,0.0,~0-10% cap,P3
2025-09-12 08:33:19,2025-09-12 10:21:48,108.48333333333333,2025-09-12 10:21:18,690.0,485.0,689.0,107.98333333333333,1.8984411174563975,14.2,0.1,10-30% cap,P3
2025-09-12 10:36:18,2025-09-12 19:42:17,545.9833333333333,2025-09-12 16:09:47,869.0,640.0,739.0,333.48333333333335,0.6866909890549252,5.2,0.0,~0-10% cap,P3
2025-09-12 19:52:47,2025-09-12 20:23:45,30.966666666666665,2025-09-12 20:15:15,736.0,728.0,725.0,22.466666666666665,0.3560830860534125,2.7,0.0,~0-10% cap,P3
2025-09-12 20:35:45,2025-09-12 20:46:45,11.0,2025-09-12 20:35:45,712.0,712.0,701.0,0.0,0.0,0.0,0.0,~0-10% cap,P3
2025-09-12 21:17:45,2025-09-12 21:46:45,29.0,2025-09-12 21:17:45,637.0,637.0,608.0,0.0,0.0,0.0,0.0,~0-10% cap,P3
2025-09-12 22:53:14,2025-09-12 23:00:44,7.5,2025-09-12 22:53:14,560.0,560.0,553.0,0.0,0.0,0.0,0.0,~0-10% cap,P3
2025-09-12 23:12:14,2025-09-13 04:19:13,306.98333333333335,2025-09-12 23:12:14,548.0,548.0,494.0,0.0,0.0,0.0,0.0,~0-10% cap,P3
2025-09-13 04:31:13,2025-09-13 05:41:43,70.5,2025-09-13 04:32:13,496.0,495.0,494.0,1.0,1.0,7.5,0.0,10-30% cap,P3
2025-09-13 06:05:13,2025-09-13 10:17:42,252.48333333333332,2025-09-13 06:06:43,495.0,493.0,488.0,1.5,1.3333333333333333,10.0,0.0,10-30% cap,P3
2025-09-13 10:31:12,2025-09-13 13:03:12,152.0,2025-09-13 12:32:42,503.0,485.0,502.0,121.5,0.14814814814814814,1.1,0.0,~0-10% cap,P3
2025-09-13 13:14:42,2025-09-13 20:15:40,420.96666666666664,2025-09-13 17:57:41,533.0,501.0,520.0,282.98333333333335,0.11308086459744389,0.8,0.0,~0-10% cap,P3
2025-09-13 20:31:10,2025-09-14 06:31:39,600.4833333333333,2025-09-13 20:36:10,433.0,431.0,420.0,5.0,0.4,3.0,0.0,~0-10% cap,P3
2025-09-14 06:45:08,2025-09-14 08:52:08,127.0,2025-09-14 08:37:08,427.0,420.0,425.0,112.0,0.0625,0.5,0.0,~0-10% cap,P3
2025-09-14 09:03:08,2025-09-14 09:18:08,15.0,2025-09-14 09:05:38,428.0,424.0,426.0,2.5,1.6,12.0,0.1,10-30% cap,P3
2025-09-14 09:31:38,2025-09-14 12:15:07,163.48333333333332,2025-09-14 09:53:38,430.0,424.0,401.0,22.0,0.2727272727272727,2.0,0.0,~0-10% cap,P3
2025-09-14 13:27:37,2025-09-14 13:54:37,27.0,2025-09-14 13:34:37,434.0,429.0,427.0,7.0,0.7142857142857143,5.4,0.0,~0-10% cap,P3
2025-09-14 14:05:07,2025-09-15 06:16:04,970.95,2025-09-15 06:07:04,461.0,425.0,460.0,961.95,0.03742398253547481,0.3,0.0,~0-10% cap,P3
2025-09-15 06:26:34,2025-09-15 09:56:33,209.98333333333332,2025-09-15 09:52:04,726.0,461.0,725.0,205.5,1.289537712895377,9.7,0.0,10-30% cap,P3
2025-09-15 10:07:33,2025-09-15 20:00:18,592.75,2025-09-15 15:55:03,1162.0,704.0,747.0,347.5,1.3179856115107913,9.9,0.0,10-30% cap,P3
2025-09-15 21:24:18,2025-09-15 21:41:48,17.5,2025-09-15 21:24:18,608.0,608.0,582.0,0.0,0.0,0.0,0.0,~0-10% cap,P3
2025-09-15 22:03:18,2025-09-15 22:29:48,26.5,2025-09-15 22:03:48,563.0,562.0,552.0,0.5,2.0,15.0,0.1,10-30% cap,P3
2025-09-15 22:40:18,2025-09-16 00:41:18,121.0,2025-09-15 22:40:18,546.0,546.0,510.0,0.0,0.0,0.0,0.0,~0-10% cap,P3
2025-09-16 00:53:17,2025-09-16 02:01:17,68.0,2025-09-16 00:58:17,508.0,507.0,495.0,5.0,0.2,1.5,0.0,~0-10% cap,P3
2025-09-16 02:15:17,2025-09-16 04:36:17,141.0,2025-09-16 02:17:17,491.0,490.0,485.0,2.0,0.5,3.8,0.0,~0-10% cap,P3
2025-09-16 04:47:47,2025-09-16 19:50:44,902.95,2025-09-16 17:17:44,1193.0,480.0,750.0,749.95,0.9507300486699113,7.1,0.0,~0-10% cap,P3
2025-09-16 20:36:15,2025-09-16 20:57:15,21.0,2025-09-16 20:36:15,674.0,674.0,654.0,0.0,0.0,0.0,0.0,~0-10% cap,P3
2025-09-16 21:56:14,2025-09-16 22:26:14,30.0,2025-09-16 21:56:14,574.0,574.0,559.0,0.0,0.0,0.0,0.0,~0-10% cap,P3
2025-09-16 22:39:44,2025-09-16 23:51:44,72.0,2025-09-16 22:39:44,551.0,551.0,518.0,0.0,0.0,0.0,0.0,~0-10% cap,P3
2025-09-17 00:03:14,2025-09-17 01:14:14,71.0,2025-09-17 00:03:14,511.0,511.0,496.0,0.0,0.0,0.0,0.0,~0-10% cap,P3
2025-09-17 01:25:14,2025-09-17 01:44:44,19.5,2025-09-17 01:25:14,495.0,495.0,491.0,0.0,0.0,0.0,0.0,~0-10% cap,P3
2025-09-17 01:55:44,2025-09-17 20:30:12,1114.4666666666667,2025-09-17 10:27:12,1050.0,491.0,743.0,511.46666666666664,1.0929353493222107,8.2,0.0,10-30% cap,P3
2025-09-17 21:34:12,2025-09-17 21:41:42,7.5,2025-09-17 21:34:12,632.0,632.0,627.0,0.0,0.0,0.0,0.0,~0-10% cap,P3
2025-09-17 22:00:42,2025-09-17 22:54:11,53.483333333333334,2025-09-17 22:00:42,606.0,606.0,566.0,0.0,0.0,0.0,0.0,~0-10% cap,P3
2025-09-17 23:22:11,2025-09-17 23:51:42,29.516666666666666,2025-09-17 23:22:11,547.0,547.0,531.0,0.0,0.0,0.0,0.0,~0-10% cap,P3
2025-09-18 00:28:41,2025-09-18 01:19:41,51.0,2025-09-18 00:28:41,519.0,519.0,508.0,0.0,0.0,0.0,0.0,~0-10% cap,P3
2025-09-18 01:30:41,2025-09-18 07:40:40,369.98333333333335,2025-09-18 01:30:41,506.0,506.0,464.0,0.0,0.0,0.0,0.0,~0-10% cap,P3
2025-09-18 07:52:40,2025-09-18 19:21:08,688.4666666666667,2025-09-18 15:09:09,984.0,454.0,734.0,436.48333333333335,1.2142502577418,9.1,0.0,10-30% cap,P3
2025-09-18 19:50:38,2025-09-18 19:55:38,5.0,2025-09-18 19:50:38,688.0,688.0,684.0,0.0,0.0,0.0,0.0,~0-10% cap,P3
2025-09-18 20:08:32,2025-09-18 20:19:02,10.5,2025-09-18 20:08:32,676.0,676.0,666.0,0.0,0.0,0.0,0.0,~0-10% cap,P3
2025-09-18 20:42:32,2025-09-18 20:49:32,7.0,2025-09-18 20:42:32,624.0,624.0,618.0,0.0,0.0,0.0,0.0,~0-10% cap,P3
2025-09-18 21:14:32,2025-09-18 21:22:32,8.0,2025-09-18 21:14:32,595.0,595.0,589.0,0.0,0.0,0.0,0.0,~0-10% cap,P3
2025-09-18 21:35:02,2025-09-18 21:50:32,15.5,2025-09-18 21:35:02,577.0,577.0,566.0,0.0,0.0,0.0,0.0,~0-10% cap,P3
2025-09-18 22:01:02,2025-09-18 23:08:02,67.0,2025-09-18 22:01:02,561.0,561.0,527.0,0.0,0.0,0.0,0.0,~0-10% cap,P3
2025-09-18 23:31:02,2025-09-18 23:51:02,20.0,2025-09-18 23:31:02,519.0,519.0,513.0,0.0,0.0,0.0,0.0,~0-10% cap,P3
2025-09-19 00:09:01,2025-09-19 11:40:59,691.9666666666667,2025-09-19 11:40:29,740.0,504.0,738.0,691.4666666666667,0.34130350944851523,2.6,0.0,~0-10% cap,P3
2025-09-19 11:51:29,2025-09-19 17:53:58,362.48333333333335,2025-09-19 16:03:58,792.0,733.0,758.0,252.48333333333332,0.23367879067925276,1.8,0.0,~0-10% cap,P3
2025-09-19 18:12:58,2025-09-19 19:16:58,64.0,2025-09-19 18:55:28,722.0,706.0,708.0,42.5,0.3764705882352941,2.8,0.0,~0-10% cap,P3
2025-09-19 19:41:28,2025-09-19 19:51:58,10.5,2025-09-19 19:41:58,681.0,679.0,669.0,0.5,4.0,30.0,0.1,30-60% cap,P3
2025-09-19 20:06:43,2025-09-19 20:15:13,8.5,2025-09-19 20:06:43,648.0,648.0,640.0,0.0,0.0,0.0,0.0,~0-10% cap,P3
2025-09-19 20:31:43,2025-09-19 20:41:43,10.0,2025-09-19 20:31:43,624.0,624.0,611.0,0.0,0.0,0.0,0.0,~0-10% cap,P3
2025-09-19 21:16:43,2025-09-19 21:52:43,36.0,2025-09-19 21:16:43,562.0,562.0,542.0,0.0,0.0,0.0,0.0,~0-10% cap,P3
2025-09-19 22:04:13,2025-09-19 22:10:13,6.0,2025-09-19 22:04:13,534.0,534.0,533.0,0.0,0.0,0.0,0.0,~0-10% cap,P3
2025-09-19 22:25:42,2025-09-20 08:26:41,600.9833333333333,2025-09-19 22:25:42,524.0,524.0,447.0,0.0,0.0,0.0,0.0,~0-10% cap,P3
2025-09-20 11:16:58,2025-09-20 14:24:57,187.98333333333332,2025-09-20 13:18:58,551.0,487.0,538.0,122.0,0.5245901639344263,3.9,0.0,~0-10% cap,P3
2025-09-20 14:35:57,2025-09-20 19:25:26,289.48333333333335,2025-09-20 16:51:27,528.0,499.0,506.0,135.5,0.2140221402214022,1.6,0.0,~0-10% cap,P3
2025-09-20 19:50:26,2025-09-20 20:07:26,17.0,2025-09-20 19:50:56,499.0,498.0,497.0,0.5,2.0,15.0,0.1,10-30% cap,P3
2025-09-20 20:19:26,2025-09-20 20:36:56,17.5,2025-09-20 20:23:56,494.0,493.0,490.0,4.5,0.2222222222222222,1.7,0.0,~0-10% cap,P3
2025-09-20 20:48:56,2025-09-20 23:54:56,186.0,2025-09-20 22:17:56,474.0,436.0,467.0,89.0,0.42696629213483145,3.2,0.0,~0-10% cap,P3
2025-09-21 00:07:56,2025-09-21 00:41:55,33.983333333333334,2025-09-21 00:39:56,466.0,465.0,465.0,32.0,0.03125,0.2,0.0,~0-10% cap,P3
2025-09-21 00:54:55,2025-09-21 04:49:25,234.5,2025-09-21 00:54:55,463.0,463.0,459.0,0.0,0.0,0.0,0.0,~0-10% cap,P3
2025-09-21 05:00:55,2025-09-21 06:37:24,96.48333333333333,2025-09-21 05:00:55,457.0,457.0,454.0,0.0,0.0,0.0,0.0,~0-10% cap,P3
2025-09-21 06:48:54,2025-09-21 09:56:54,188.0,2025-09-21 09:56:54,476.0,402.0,476.0,188.0,0.39361702127659576,3.0,0.0,~0-10% cap,P3
2025-09-21 10:09:24,2025-09-21 11:28:54,79.5,2025-09-21 10:58:24,486.0,473.0,474.0,49.0,0.2653061224489796,2.0,0.0,~0-10% cap,P3
2025-09-21 11:42:53,2025-09-21 11:48:53,6.0,2025-09-21 11:48:23,440.0,437.0,440.0,5.5,0.5454545454545454,4.1,0.0,~0-10% cap,P3
2025-09-21 12:08:23,2025-09-21 12:45:23,37.0,2025-09-21 12:44:53,434.0,424.0,434.0,36.5,0.273972602739726,2.1,0.0,~0-10% cap,P3
2025-09-21 12:59:23,2025-09-21 17:29:53,270.5,2025-09-21 17:05:52,490.0,434.0,487.0,246.48333333333332,0.22719588883629727,1.7,0.0,~0-10% cap,P3
2025-09-21 17:48:52,2025-09-21 18:03:22,14.5,2025-09-21 17:52:22,484.0,483.0,482.0,3.5,0.2857142857142857,2.1,0.0,~0-10% cap,P3
2025-09-21 18:51:22,2025-09-21 19:19:22,28.0,2025-09-21 18:51:22,446.0,446.0,437.0,0.0,0.0,0.0,0.0,~0-10% cap,P3
2025-09-21 19:31:22,2025-09-21 19:45:22,14.0,2025-09-21 19:31:22,435.0,435.0,432.0,0.0,0.0,0.0,0.0,~0-10% cap,P3
2025-09-21 19:56:22,2025-09-21 21:40:52,104.5,2025-09-21 20:01:22,427.0,426.0,417.0,5.0,0.2,1.5,0.0,~0-10% cap,P3
2025-09-21 21:55:22,2025-09-21 23:00:51,65.48333333333333,2025-09-21 22:38:51,419.0,416.0,419.0,43.483333333333334,0.0689919509390571,0.5,0.0,~0-10% cap,P3
2025-09-21 23:11:51,2025-09-22 00:19:22,67.51666666666667,2025-09-21 23:50:51,421.0,418.0,420.0,39.0,0.07692307692307693,0.6,0.0,~0-10% cap,P3
2025-09-22 00:30:51,2025-09-22 02:00:51,90.0,2025-09-22 01:24:51,438.0,418.0,432.0,54.0,0.37037037037037035,2.8,0.0,~0-10% cap,P3
2025-09-22 02:15:21,2025-09-22 06:14:50,239.48333333333332,2025-09-22 06:09:50,441.0,431.0,441.0,234.48333333333332,0.042646954296680646,0.3,0.0,~0-10% cap,P3
2025-09-22 06:39:50,2025-09-22 09:58:24,198.56666666666666,2025-09-22 09:56:54,704.0,426.0,700.0,197.06666666666666,1.4106901217861976,10.6,0.1,10-30% cap,P3
2025-09-22 10:11:24,2025-09-22 19:43:35,572.1833333333333,2025-09-22 17:54:36,1975.0,612.0,737.0,463.2,2.942573402417962,22.1,0.1,30-60% cap,P3
2025-09-22 22:14:44,2025-09-22 22:22:14,7.5,2025-09-22 22:14:44,572.0,572.0,566.0,0.0,0.0,0.0,0.0,~0-10% cap,P3
2025-09-22 23:06:14,2025-09-22 23:30:14,24.0,2025-09-22 23:06:14,531.0,531.0,519.0,0.0,0.0,0.0,0.0,~0-10% cap,P3
2025-09-22 23:41:14,2025-09-23 00:04:45,23.516666666666666,2025-09-22 23:41:14,514.0,514.0,507.0,0.0,0.0,0.0,0.0,~0-10% cap,P3
2025-09-23 00:18:15,2025-09-23 00:29:44,11.483333333333333,2025-09-23 00:19:14,500.0,499.0,497.0,0.9833333333333333,1.0169491525423728,7.6,0.0,10-30% cap,P3
2025-09-23 00:45:14,2025-09-23 01:07:44,22.5,2025-09-23 00:45:14,491.0,491.0,487.0,0.0,0.0,0.0,0.0,~0-10% cap,P3
2025-09-23 01:20:14,2025-09-23 01:51:44,31.5,2025-09-23 01:28:14,483.0,482.0,480.0,8.0,0.125,0.9,0.0,~0-10% cap,P3
2025-09-23 02:14:14,2025-09-23 04:25:43,131.48333333333332,2025-09-23 02:17:14,478.0,476.0,470.0,3.0,0.6666666666666666,5.0,0.0,~0-10% cap,P3
2025-09-23 04:37:43,2025-09-23 05:29:13,51.5,2025-09-23 04:37:43,470.0,470.0,467.0,0.0,0.0,0.0,0.0,~0-10% cap,P3
2025-09-23 05:40:13,2025-09-23 07:08:43,88.5,2025-09-23 05:41:43,468.0,467.0,460.0,1.5,0.6666666666666666,5.0,0.0,~0-10% cap,P3
2025-09-23 07:19:13,2025-09-23 09:07:12,107.98333333333333,2025-09-23 09:07:12,712.0,459.0,712.0,107.98333333333333,2.3429541595925296,17.6,0.1,10-30% cap,P3
