device_id,date,is_daytime,temperature_count,temperature_mean,temperature_std,temperature_min,temperature_max,absolute_humidity_count,absolute_humidity_mean,absolute_humidity_std,absolute_humidity_min,absolute_humidity_max,co2_count,co2_mean,co2_std,co2_min,co2_max
P1,2025-07-17,0,89,22.66438202247191,0.7437404774885874,21.87,24.41,89,13.24191011235955,1.0789261037174618,12.11,15.73,89,537.2022471910112,29.53856484453121,496,591
P1,2025-07-18,0,1437,24.573514265831594,1.708108010518418,22.42,27.24,1437,13.291537926235211,0.6386774184476645,12.29,15.08,1437,562.9234516353514,93.69071228260702,449,827
P1,2025-07-18,1,1150,25.994521739130434,0.8616430794167674,22.56,27.28,1150,13.302078260869564,0.4467861572208545,12.16,14.18,1150,694.0730434782608,99.72634385726076,459,828
P1,2025-07-19,0,1436,27.817681058495822,0.8584817559990021,26.61,29.08,1436,15.917472144846798,0.55752134621767,14.96,16.93,1436,412.8955431754875,9.200300384291946,409,450
P1,2025-07-19,1,1437,28.02939457202505,0.612369008946534,27.06,28.94,1437,16.33136395267919,0.3716251355891316,15.51,17.08,1437,409.0654140570633,0.5923438399079426,408,410
P1,2025-07-20,0,1152,28.655642361111113,0.5639593529147625,28.02,29.89,1152,16.644835069444444,0.4054080209838157,16.13,17.6,1152,409.0,0.0,409,409
P1,2025-07-20,1,1436,28.86200557103064,0.5406571198303891,27.96,29.83,1436,17.11435236768802,0.4455823404175119,16.09,17.89,1436,409.2214484679666,0.5433021933517309,408,411
P1,2025-07-21,0,903,26.658349944629016,1.2496694203300713,25.29,29.02,903,14.31517165005537,1.6570860903581222,11.58,17.32,903,484.2214839424142,85.99373271142905,409,663
P1,2025-07-21,1,1183,26.851521555367707,0.959721415620689,25.56,29.3,1183,12.674573119188505,1.156344069452818,11.65,17.43,1183,619.1969568892646,96.40421418113506,408,794
P1,2025-07-22,0,1436,26.840250696378828,0.7768807054415129,25.23,27.68,1436,14.854630919220055,1.3678017931036532,11.56,16.27,1436,482.61768802228414,102.9507751212475,408,798
P1,2025-07-22,1,1437,26.660765483646482,0.5496065685565951,25.75,27.99,1437,13.021148225469728,1.4261852338769525,11.82,16.55,1437,663.7606123869172,170.31084486693888,406,862
P1,2025-07-23,0,1436,26.871810584958215,0.7546534347670172,25.49,27.71,1436,14.711713091922006,1.4452155321442972,11.72,16.34,1436,484.9456824512535,85.50076211829456,410,693
P1,2025-07-23,1,1423,26.928798313422348,0.7699454951374121,25.15,28.07,1423,13.214919184820802,1.2918813257608783,11.77,16.56,1423,608.4399156711173,137.44898200116805,407,796
P1,2025-07-24,0,1436,26.9366713091922,0.6096187698064204,25.36,27.63,1436,14.742339832869082,1.2428915196948218,12.27,16.27,1436,490.19359331476323,83.88706603182345,419,732
P1,2025-07-24,1,1430,26.996874125874125,0.5542395463131896,25.47,27.96,1430,13.35737062937063,1.3617497166547408,11.96,16.82,1430,599.3321678321678,115.8537820899624,409,777
P1,2025-07-25,0,1436,26.951782729805014,0.537366553379599,25.65,27.59,1436,14.589867688022284,1.0576586708454003,12.49,15.67,1436,483.9491643454039,93.10844633967972,409,716
P1,2025-07-25,1,1437,26.83017397355602,0.47435930732086345,25.76,27.94,1437,13.182623521224775,1.0376562570940673,12.13,15.75,1437,624.6659707724426,143.64042188057581,406,803
P1,2025-07-26,0,1436,27.991566852367686,0.49650427789363144,27.25,28.7,1436,16.592298050139277,0.6733880307995392,15.23,17.43,1436,422.1706128133705,11.930553984196933,410,456
P1,2025-07-26,1,1437,28.31639526791928,0.354170661661924,27.64,28.76,1437,16.92785664578984,0.2857361095172486,16.35,17.46,1437,412.29575504523314,3.5149208522151336,410,425
P1,2025-07-27,0,1431,28.588280922431867,0.2907470136089244,28.27,29.17,1431,17.025394828791054,0.1422731341487583,16.67,17.42,1431,410.0188679245283,0.23428296506295437,410,415
P1,2025-07-27,1,1436,28.99041782729805,0.36018225090933026,28.3,29.37,1436,17.492952646239555,0.18744770379628267,17.11,18.03,1436,409.6859331476323,0.46729695665807747,409,411
P1,2025-07-28,0,1437,27.64711203897008,1.0437157463435838,25.88,28.73,1437,15.146673625608909,1.651923901562408,12.32,16.85,1437,446.56297842727906,69.73462206280722,409,669
P1,2025-07-28,1,1436,27.89160167130919,0.7538428916791429,26.01,29.07,1436,13.74282729805014,1.6182840572698785,11.85,17.84,1436,591.7388579387186,116.6659995486295,408,762
P1,2025-07-29,0,1436,26.97866295264624,0.701928668496943,25.72,27.76,1436,15.018941504178274,0.988629005674814,12.71,16.57,1436,466.53133704735376,74.68357216351549,409,675
P1,2025-07-29,1,1437,27.13863604732081,0.5765898009024256,26.0,28.17,1437,13.516367432150313,1.1775579748444038,12.35,17.02,1437,636.5497564370215,141.66330795945672,406,828
P1,2025-07-30,0,1436,27.247541782729805,0.26982485284840124,26.83,27.78,1436,15.279784122562674,1.546747927740883,12.87,17.08,1436,532.259052924791,122.90292373915315,415,797
P1,2025-07-30,1,1437,26.82867780097425,0.5823204756542512,25.42,27.83,1437,14.336722338204591,1.2707771464181217,12.69,17.73,1437,635.7070285316632,146.07210428799317,408,865
P1,2025-07-31,0,1436,26.966065459610025,0.2871378280502555,25.97,27.3,1436,14.244839832869081,0.8756665010256561,12.06,15.21,1436,541.2931754874652,89.72262939287151,464,767
P1,2025-07-31,1,1437,27.38488517745303,0.6724150473178936,25.39,28.66,1437,13.328865692414753,0.7752391360227776,11.77,15.17,1437,716.544885177453,156.86133798927008,410,882
P1,2025-08-01,0,1438,27.1142280945758,0.2794127119410979,25.99,27.49,1438,14.502851182197496,1.2991650094382807,12.12,15.9,1438,521.1043115438108,96.97697304418766,420,728
P1,2025-08-01,1,1436,27.47621169916434,0.6698712714462652,25.42,28.92,1436,13.489582172701951,1.1242285622336343,11.93,16.11,1436,678.2075208913649,156.4263052073354,408,851
P1,2025-08-02,0,1436,28.1816713091922,0.5004393810613083,27.48,28.97,1436,16.323662952646238,0.6199419624791925,15.08,17.38,1436,438.24025069637884,29.4723411766333,410,499
P1,2025-08-02,1,1437,28.642707028531664,0.4557113341763646,27.83,29.29,1437,16.92490605427975,0.37389513403039365,16.08,17.58,1437,419.12456506610994,17.17294267748428,409,460
P1,2025-08-03,0,1408,29.12015625,0.6981283566022024,28.37,30.15,1408,16.88145596590909,0.16542060554132668,16.5,17.28,1408,409.74076704545456,0.43998770060259274,409,411
P1,2025-08-03,1,1437,29.59314544189283,0.730414743958014,28.38,30.42,1437,16.90956158663883,0.14394129829020733,16.55,17.3,1437,409.5525400139179,1.4576861957325167,408,420
P1,2025-08-04,0,1438,28.317844228094575,1.2249459156416365,26.21,29.57,1438,15.281752433936022,2.0188247998843343,11.58,17.37,1438,470.260083449235,85.3088813620335,410,729
P1,2025-08-04,1,1436,27.724512534818942,0.9684938408185163,26.5,30.01,1436,13.199359331476323,1.9675998946318762,11.52,18.02,1436,628.1190807799443,130.58289752857885,409,768
P1,2025-08-05,0,1436,27.62873955431755,1.081655724818974,25.78,28.8,1436,14.821615598885794,2.0628336202456348,11.54,17.32,1436,482.142061281337,87.24379322391133,414,727
P1,2025-08-05,1,1437,27.009324982602646,0.818520493033687,25.92,29.02,1437,12.841663187195547,1.8399807217453517,11.42,17.52,1437,613.5400139178845,123.20188876952567,409,761
P1,2025-08-06,0,1436,27.05699860724234,1.3647526518365516,25.18,28.63,1436,13.8733356545961,2.2027292735182535,11.33,16.86,1436,481.7026462395543,98.97038599044205,410,737
P1,2025-08-06,1,1437,26.85741823242867,0.8217050864236815,25.84,28.88,1437,12.638935281837162,1.8028691677599116,11.38,17.06,1437,605.7620041753653,136.21606578372507,408,799
P1,2025-08-07,0,1436,25.91802228412256,0.7196025728954101,25.0,27.73,1436,12.129554317548747,0.6693949188082321,11.34,14.16,1436,476.6942896935933,85.1456992441418,408,680
P1,2025-08-07,1,1437,26.415713291579678,0.5639879847912971,25.52,27.35,1437,12.024690327070285,0.3023977844703941,11.28,12.69,1437,643.5588030619346,136.27787921343622,408,820
P1,2025-08-08,0,1437,27.164878218510786,1.3018034158380358,25.0,28.62,1437,14.068225469728603,1.80638992213733,11.39,16.42,1437,480.9408489909534,75.88100002279745,413,674
P1,2025-08-08,1,1436,26.94004874651811,0.9104630275037937,25.75,29.06,1436,12.864282729805014,1.6493195643157303,11.31,16.55,1436,582.9616991643454,108.17386602874801,409,704
P1,2025-08-09,0,1438,29.16136300417246,0.7835750061073516,27.81,29.99,1438,16.556870653685674,0.5273726041084088,15.46,17.72,1438,410.1696801112656,2.210652714245296,408,423
P1,2025-08-09,1,1436,28.649136490250697,0.7302247896218949,27.34,29.88,1436,15.027200557103065,1.8810000576532977,12.6,17.84,1436,409.80292479108635,1.422376603681937,408,418
P1,2025-08-10,0,1436,30.39076601671309,0.4074035722096826,29.94,31.05,1436,17.36896239554318,0.21671567134983857,16.64,17.72,1436,431.8516713091922,22.914526926016073,409,470
P1,2025-08-10,1,1437,30.900139178844814,0.5605276141658935,30.0,31.71,1437,17.24114126652749,0.08279218674404437,16.87,17.45,1437,428.8768267223382,17.50943236310568,409,468
P1,2025-08-11,0,1436,28.93275069637883,1.6716722489289844,26.5,30.64,1436,15.409373259052925,2.356863627248028,11.82,17.76,1436,544.7736768802229,109.22633039181251,454,822
P1,2025-08-11,1,1437,27.554530271398747,1.1179569407637768,26.77,30.93,1437,12.574913013221991,1.8639907457088385,10.95,18.05,1437,707.4718162839248,157.80969928938066,417,878
P1,2025-08-12,0,1436,28.116552924791087,1.0683881626949046,26.28,29.37,1436,15.046525069637884,1.558471591148331,12.35,17.05,1436,502.5376044568245,81.26352782311014,425,741
P1,2025-08-12,1,1437,27.815977731384827,0.9292954737316947,26.46,29.88,1437,13.6823034098817,1.5990183870202281,12.05,17.32,1437,656.5421016005567,129.09648176328517,410,809
P1,2025-08-13,0,1438,27.51894993045897,1.3144597876427677,25.07,28.96,1438,14.486258692628653,1.8191202596240026,11.64,16.62,1438,480.84005563282335,103.0689522424208,410,760
P1,2025-08-13,1,1436,26.754888579387185,0.9762711831846933,25.71,29.17,1436,12.73942896935933,1.7237567214292018,11.25,17.09,1436,649.3349582172702,148.7081651652911,408,816
P1,2025-08-14,0,1437,27.406910229645096,1.2060273078516186,24.94,28.51,1437,14.782477383437715,1.4101894863972173,12.02,16.7,1437,464.95407098121086,70.2289677904454,410,636
P1,2025-08-14,1,1436,26.920522284122566,0.9004945247196764,25.55,29.0,1436,13.348426183844012,1.5931230353294095,11.9,17.24,1436,624.708913649025,130.8836659977902,410,799
P1,2025-08-15,0,1436,27.785752089136487,1.1384352877309378,25.99,29.04,1436,15.275222841225627,1.3889068794001624,12.71,16.97,1436,461.4714484679666,62.07635979635077,415,651
P1,2025-08-15,1,1437,27.017529575504525,1.0086674964424887,26.06,29.38,1437,13.287905358385526,1.6945573606161293,12.12,17.43,1437,602.3159359777313,113.52674627822115,409,755
P1,2025-08-16,0,1436,29.227625348189417,0.9563977867169895,28.03,30.56,1436,16.938878830083564,0.7225654521871178,15.54,17.76,1436,413.5717270194986,3.3470161569220997,410,424
P1,2025-08-16,1,1437,29.903799582463467,0.8403619785957831,28.44,30.81,1437,17.072560890744608,0.1790558181633528,16.6,17.47,1437,411.3973556019485,4.409576653301768,409,427
P1,2025-08-17,0,1437,30.301858037578285,0.6667050622274947,29.54,31.41,1437,17.411558803061933,0.21752358480193118,16.85,17.79,1437,419.28462073764786,7.355695788167496,410,436
P1,2025-08-17,1,1436,30.908586350974932,0.8232289744989945,29.54,31.84,1436,17.22317548746518,0.12705980862043886,16.79,17.6,1436,420.1692200557103,13.66824136345495,409,456
P1,2025-08-18,0,1438,28.086119610570233,2.244503182318918,24.44,30.56,1438,13.342614742698192,2.585406446131093,9.77,17.72,1438,588.2809457579972,182.54034072006505,424,1006
P1,2025-08-18,1,1436,27.42192896935933,0.8942756229064098,25.89,30.15,1436,10.937047353760446,0.721272916968724,10.17,14.68,1436,816.7785515320335,258.2955193506966,408,1129
P1,2025-08-19,0,1436,27.170919220055712,1.2445792109324991,25.2,28.7,1436,11.820710306406685,0.5770071017428248,10.27,12.87,1436,625.1678272980502,150.8160994595139,461,951
P1,2025-08-19,1,1437,27.176812804453725,0.9385877357895932,25.39,29.17,1437,11.251955462769658,0.6652892249914416,10.37,14.0,1437,800.5949895615867,216.3446618997985,452,1075
P1,2025-08-20,0,1437,26.580410577592207,1.2589557334670447,24.55,28.0,1437,11.798761308281142,0.47499171311400895,10.55,12.51,1437,582.7014613778706,106.32897827227309,482,901
P1,2025-08-20,1,1420,26.648683098591547,0.7062970751868098,25.3,28.26,1420,11.13537323943662,0.47830398496330706,10.26,12.53,1420,737.9105633802817,198.89819771062955,409,987
P1,2025-08-21,0,1437,26.474933890048714,0.974164494068576,24.6,27.45,1437,12.091183020180932,0.47282001503697485,10.72,13.06,1437,539.8420320111343,103.36582525653989,420,781
P1,2025-08-21,1,1436,27.43673398328691,0.556209033965235,25.54,28.16,1436,11.99516016713092,0.4835476210827147,11.1,14.39,1436,727.299442896936,181.36859736786826,420,934
P1,2025-08-22,0,1427,26.86960056061668,0.8796032480595322,25.07,27.81,1427,11.83667133847232,1.1055209813263196,9.93,13.3,1427,595.3826208829713,141.10659903925446,450,869
P1,2025-08-22,1,1436,26.732806406685235,0.8099354257312018,25.23,28.57,1436,11.432479108635098,1.1877632110636667,9.76,14.61,1436,678.4073816155989,169.6074514374432,410,877
P1,2025-08-23,0,1436,28.50183147632312,0.8864269911303396,27.32,29.8,1436,12.694805013927578,0.7730955223596894,11.54,14.19,1436,436.9185236768802,33.878543745572884,409,537
P1,2025-08-23,1,1437,29.235149617258173,0.7324472909403011,27.8,29.91,1437,13.131649269311065,0.5743944317742764,11.97,14.34,1437,410.90466249130134,4.719568901258468,409,435
P1,2025-08-24,0,1436,29.71560584958217,0.7504679947124461,28.9,30.97,1436,13.382207520891363,0.2539915526576498,12.85,14.36,1436,409.79805013927574,0.4015948522564516,409,410
P1,2025-08-24,1,1437,30.530438413361168,0.9503331126137162,28.91,31.59,1437,13.638684759916494,0.39060967112763695,12.86,14.8,1437,413.0125260960334,6.685835781016325,408,433
P1,2025-08-25,0,1436,27.974247910863507,2.0204579616350196,25.1,30.09,1436,12.090640668523676,1.2688201907149088,10.17,13.65,1436,558.9993036211699,163.55731235442153,410,888
P1,2025-08-25,1,1437,26.841461377870562,0.9308749033724905,25.7,30.03,1437,10.529137091162143,0.6680479869055234,9.58,13.26,1437,765.6235212247739,214.03122953894967,409,1014
P1,2025-08-26,0,1208,27.193534768211922,0.7333215998444732,25.62,27.99,1208,11.391307947019868,0.43620922353540204,10.48,12.01,1208,617.3112582781457,153.2216932960535,471,935
P1,2025-08-26,1,1436,27.757305013927574,0.35983123260899047,26.8,28.55,1436,11.386692200557103,0.4336778842459881,10.76,13.11,1436,817.215877437326,192.33412977408423,474,1030
P1,2025-08-27,0,895,26.93973184357542,0.7130842795607407,25.77,27.94,895,11.62949720670391,0.4932684147794555,10.83,12.7,895,602.0100558659218,82.68507753166502,414,785
P1,2025-08-27,1,1284,27.360638629283486,0.40521664223304515,26.76,28.54,1284,11.413395638629282,0.593651655113765,10.63,14.15,1284,696.936137071651,158.59180769459974,410,889
P1,2025-08-28,0,1436,26.9558147632312,1.2330770402802016,24.65,28.06,1436,12.803440111420613,0.9789521546784236,11.16,15.0,1436,447.1295264623955,34.1964799223362,410,582
P1,2025-08-28,1,1431,26.782620545073375,0.6316255379961502,25.6,28.3,1431,11.297316561844863,0.9591328016427365,10.08,14.07,1431,651.5625436757513,161.40298814475707,409,889
P1,2025-08-29,0,1354,26.81785819793205,1.2998656445364951,24.44,28.21,1354,14.657134416543574,1.6716574090928016,11.51,17.13,1354,443.6935007385524,48.40896396505896,410,600
P1,2025-08-29,1,430,27.034581395348837,0.7850058640838743,25.28,28.41,430,13.20353488372093,1.8123258549741512,11.51,17.33,430,583.0790697674419,134.99181803426302,409,783
P1,2025-08-30,0,1438,29.018233657858136,1.1307124245273221,27.46,30.83,1438,18.051182197496523,0.9741716643581556,16.21,19.35,1438,409.9005563282337,1.622900561245038,409,421
P1,2025-08-30,1,1436,29.969881615598887,1.1360578210350691,28.17,31.29,1436,18.347151810584958,0.19171707323797363,17.79,18.74,1436,408.81615598885793,0.7855246060187964,408,411
P1,2025-08-31,0,1437,29.93096729297147,0.43085565855826236,29.44,30.89,1437,18.678315935977732,0.3977763090443619,17.98,19.3,1437,431.0111343075852,19.640392085929623,409,460
P1,2025-08-31,1,1436,30.845452646239554,0.885510701592096,29.44,32.01,1436,19.139011142061282,0.2021187352796108,18.55,19.44,1436,435.0215877437326,17.206884830233992,410,462
P1,2025-09-01,0,1436,27.61358635097493,2.2512132586879297,24.41,29.93,1436,15.46566852367688,2.5758937771909314,11.8,18.11,1436,501.3488857938719,55.216862345296526,450,652
P1,2025-09-01,1,1394,27.080337159253943,0.9844886514870443,25.39,29.75,1394,12.416563845050215,1.3097696407056207,11.1,17.85,1394,676.3543758967002,141.59891217756115,412,852
P1,2025-09-02,0,1334,26.847526236881556,1.2313012032397022,24.75,28.22,1334,15.598313343328337,1.875812583116596,12.63,18.05,1334,536.5577211394303,85.37339132066053,458,744
P1,2025-09-02,1,1436,26.488384401114207,0.9877209369783561,25.37,28.64,1436,13.675550139275765,1.9922730291231223,11.88,18.64,1436,721.1580779944289,148.58401843402874,447,879
P1,2025-09-03,0,536,26.936361940298507,1.1287553361739977,24.71,27.86,536,15.805597014925372,1.717783732405847,12.36,17.17,536,487.3339552238806,56.30270692874843,421,692
P1,2025-09-03,1,378,26.609841269841272,0.8341910906974004,25.16,28.17,378,13.893174603174604,1.8128212624649616,11.94,17.84,378,609.0,114.01810084786945,425,737
P1,2025-09-04,0,908,26.62763215859031,0.6396339991406315,25.18,27.66,908,14.966112334801762,1.317533518249518,12.87,17.71,908,497.2004405286344,69.88970299085345,410,631
P1,2025-09-04,1,1092,26.458992673992675,0.5158672868979612,25.42,27.8,1092,13.517490842490842,0.9183253623000233,12.63,18.0,1092,657.9514652014652,81.1437060627517,410,754
P1,2025-09-05,0,1436,26.655410863509747,0.9402252890343662,24.87,27.63,1436,15.313899721448466,1.772596977008275,12.35,17.55,1436,453.86977715877435,45.47997720273689,411,642
P1,2025-09-05,1,1435,26.956926829268294,0.4705357249157058,25.7,27.76,1435,13.918327526132403,1.4818183978947745,12.34,17.63,1435,602.8648083623693,118.62621279968174,409,753
P1,2025-09-06,0,980,27.921714285714284,1.070473876717896,26.95,30.14,980,16.686214285714286,0.754332569313873,15.54,18.4,980,421.2948979591837,8.288205835104838,409,445
P1,2025-09-06,1,1353,29.389349593495936,1.2058741297893179,27.43,30.81,1353,17.712261640798225,0.40316836838793046,16.68,18.34,1353,411.45454545454544,4.318791893712085,408,428
P1,2025-09-07,0,1028,29.6554766536965,0.4530905088296539,28.93,30.3,1028,18.45852140077821,0.5816036927603782,17.29,19.1,1028,451.0194552529183,12.710529369767679,414,470
P1,2025-09-07,1,1437,30.202484342379957,0.7461402216944067,28.92,31.17,1437,18.79778705636743,0.570962366764494,17.6,19.7,1437,448.2261656228253,8.688492380248206,424,471
P1,2025-09-08,0,1436,27.896887186629527,1.7944958015245855,25.02,29.7,1436,16.06949164345404,2.7913654232404808,11.88,18.88,1436,518.6873259052925,78.18161029095921,449,749
P1,2025-09-08,1,1438,27.579471488178026,0.9412549546128153,25.99,29.79,1438,13.223970792767732,1.273099611686292,11.63,18.84,1438,691.0897079276773,157.61014733818624,410,872
P1,2025-09-09,0,1436,27.073328690807802,1.1550401259627072,25.07,28.33,1436,14.9233286908078,1.541410976058483,12.37,16.7,1436,509.20194986072426,69.1215232167605,446,706
P1,2025-09-09,1,1437,26.839164926931105,0.7505420501342485,25.81,28.67,1437,13.619429366736256,1.4315421423586199,12.32,17.42,1437,659.0194850382742,127.52614963263211,439,805
P1,2025-09-10,0,1438,27.43204450625869,0.3807233977615021,26.22,28.0,1438,15.010020862308762,0.7238776253927806,13.06,15.89,1438,447.5611961057024,38.933289792935454,410,587
P1,2025-09-10,1,1436,26.888363509749304,0.642451996199036,25.44,28.23,1436,13.387688022284124,1.244351733393731,12.08,16.61,1436,647.0389972144847,146.50458797243493,410,838
P1,2025-09-11,0,1437,26.64262352122477,1.0006409538248109,24.44,27.72,1437,13.964210160055671,1.0396799608451885,11.73,15.32,1437,470.402226861517,63.72848652712258,414,683
P1,2025-09-11,1,1436,26.82903203342618,0.597622090817503,24.96,27.91,1436,12.764150417827297,1.0820663106776953,11.51,15.57,1436,648.4603064066853,135.33235572820172,410,815
P1,2025-09-12,0,1436,26.46642757660167,0.6444798423729519,25.07,27.17,1436,14.692444289693592,1.2351299556512945,12.28,16.04,1436,512.424791086351,93.90858063764945,417,733
P1,2025-09-12,1,1437,26.36556715379262,0.606939134797999,25.23,27.47,1437,13.226597077244259,1.1463717925282992,12.04,16.46,1437,659.0334029227557,153.2432215658865,409,868
P1,2025-09-13,0,1436,28.16575905292479,0.6900300819743351,27.17,29.02,1436,17.72242339832869,0.8876500576185086,15.73,18.78,1436,437.5201949860724,20.1483075148034,410,480
P1,2025-09-13,1,1437,28.817390396659704,0.6401813124456548,27.64,29.56,1437,18.096555323590813,0.4985896884948423,17.12,18.91,1437,425.303409881698,16.867741156041927,410,459
P1,2025-09-14,0,1437,29.232136395267922,0.7810826272039851,28.38,30.47,1437,18.236450939457203,0.16447963821291198,17.82,18.72,1437,412.1350034794711,3.3287606045258418,409,427
P1,2025-09-14,1,1436,29.94376740947075,0.9623671882900852,28.37,31.09,1436,18.8008356545961,0.32725316225395806,17.86,19.23,1436,423.1908077994429,17.98872505302747,409,467
P1,2025-09-15,0,1438,27.978331015299023,1.642552284060117,25.57,29.61,1438,16.428915159944367,2.275218421175578,12.77,18.84,1438,482.83518776077887,90.53957154173658,410,705
P1,2025-09-15,1,1436,27.115612813370472,1.0493213870530715,25.77,29.95,1436,13.718697771587744,1.9662797545248356,12.05,19.51,1436,668.675487465181,139.81856530373517,409,855
P1,2025-09-16,0,1436,27.205,1.2643458321500576,25.23,28.59,1436,15.7025,2.3609111105200475,12.29,18.62,1436,488.4693593314763,79.22328368112449,430,692
P1,2025-09-16,1,1437,27.511732776617954,0.7364338454774984,25.9,29.02,1437,14.036492693110647,2.271735639457266,11.94,19.05,1437,661.7780097425191,146.99407873050546,411,835
P1,2025-09-17,0,1436,27.30977715877437,0.9338596723220225,25.87,28.39,1436,15.82958913649025,1.7463560184763725,13.0,18.32,1436,494.3342618384401,103.17003844274286,410,770
P1,2025-09-17,1,1437,27.387640918580377,0.8065701234281969,26.16,28.93,1437,14.537112038970077,1.8323612775991132,12.94,18.44,1437,617.2338204592902,131.7337132066531,411,802
P1,2025-09-18,0,1436,27.340369080779944,0.6049708746335126,26.3,28.02,1436,15.196350974930361,1.8589096648939047,12.33,17.46,1436,504.1782729805014,107.37587230236967,410,761
P1,2025-09-18,1,1437,26.486263048016703,0.6313423779274028,25.48,28.07,1437,13.37545581071677,1.5948938863340576,11.98,17.7,1437,661.2553931802366,156.32062363981672,407,870
P1,2025-09-19,0,1438,26.9828859527121,0.6816867426452391,25.2,27.55,1438,15.039547983310152,0.6118204728639034,13.08,16.24,1438,485.4075104311544,44.01130049488155,441,620
P1,2025-09-19,1,1436,26.200800835654594,0.7105339696160796,25.34,27.87,1436,13.615536211699164,1.0636150593643467,12.43,16.24,1436,572.2708913649025,87.53151198923338,409,684
P1,2025-09-20,0,1437,26.604328462073763,1.1340232925168072,24.94,27.84,1437,15.288315935977732,1.5994335096919579,12.7,16.99,1437,426.9408489909534,11.934360057208373,409,447
P1,2025-09-20,1,1436,25.350772980501393,1.4569591362604675,23.53,27.87,1436,14.675160167130919,1.2042175776530675,12.89,16.74,1436,441.008356545961,14.861213922435677,408,480
P1,2025-09-21,0,1436,25.858871866295264,0.8627840732706605,24.78,27.11,1436,12.621406685236769,0.3792412730738337,11.67,13.41,1436,425.96100278551535,19.080899038636552,409,491
P1,2025-09-21,1,1437,25.740869867780095,0.5211036690424127,24.85,26.61,1437,12.007529575504524,0.21714039524840506,11.55,12.52,1437,451.7404314544189,24.661273263521032,409,493
P1,2025-09-22,0,1436,26.475508356545962,0.8736783264157459,25.04,27.35,1436,13.427722841225625,0.6515971552625258,12.29,15.14,1436,497.8307799442897,78.13710758373072,430,671
P1,2025-09-22,1,1437,26.283256784968685,0.633663881891135,25.46,27.66,1437,12.62794711203897,0.662370313149154,11.89,14.86,1437,609.0514961725818,103.93437300652036,410,775
P1,2025-09-23,0,718,27.4224651810585,0.19656228453309574,26.93,27.66,718,15.800125348189415,0.310278789289913,15.11,16.37,718,430.65738161559887,6.539197963846285,423,451
P1,2025-09-23,1,374,27.56871657754011,0.4266654293767553,26.57,28.18,374,16.076417112299467,0.9564257060435595,13.84,17.56,374,430.51069518716577,13.137696944927594,410,473
P2,2025-07-17,0,90,24.032467444444446,0.7460627451571172,23.14562,26.45305,90,12.923333333333332,1.0691832438776645,11.67,16.05,90,469.43333333333334,11.236027527856123,454,498
P2,2025-07-18,0,1440,28.517711027777775,3.5209889456868417,24.29289,32.89563,1440,12.985243055555555,0.7037522361028058,12.08,15.17,1440,560.28125,102.46554394257707,458,809
P2,2025-07-18,1,1105,31.95799183710407,1.5309966008836837,24.63664,33.4382,1105,13.793800904977376,0.7763071236181838,12.03,15.9,1105,679.8199095022625,105.31607517472906,425,841
P2,2025-07-19,0,1440,33.34961576388889,0.7775154667172305,32.33078,34.84016,1440,16.079305555555557,0.6380867998249862,14.73,17.13,1440,431.3,17.82511755485342,414,480
P2,2025-07-19,1,1440,33.839717604166665,0.6695415774103698,32.61731,35.03664,1440,16.61188888888889,0.4822763245763202,15.6,17.61,1440,411.3152777777778,3.683524904955394,409,426
P2,2025-07-20,0,1080,34.29715724074074,0.5927694769991984,33.73391,35.67824,1080,16.835870370370372,0.6513775108080602,16.1,18.11,1080,417.0527777777778,2.139264350587259,412,423
P2,2025-07-20,1,1440,34.83977474305556,0.5574532085801602,33.7923,35.87434,1440,17.439083333333333,0.6459318300853666,16.19,18.48,1440,410.67847222222224,2.0354967804146615,409,417
P2,2025-07-21,0,776,32.735874832474224,0.7502273479164707,31.97883,35.07258,776,13.547719072164949,1.534244570972427,11.82,17.82,776,538.2422680412371,93.92054606100707,420,703
P2,2025-07-21,1,1153,32.22738966175195,0.9980815799267235,30.82355,34.97395,1153,13.77947094535993,1.0007121497532505,12.26,17.7,1153,741.604509973981,271.263711981488,419,1364
P2,2025-07-22,0,1440,32.72458783333333,0.7497407918479878,30.4968,33.94601,1440,14.666694444444445,1.2477918969829045,12.18,16.44,1440,481.86875,95.9508727152021,410,824
P2,2025-07-22,1,1440,31.783393145833337,0.9381815157719184,29.64836,34.09309,1440,13.851472222222222,1.3543907643371713,11.39,17.08,1440,722.1277777777777,279.8601885739328,407,1358
P2,2025-07-23,0,1440,32.46186702777778,0.5703926275453048,31.5302,33.55168,1440,14.95459722222222,1.3331256062849637,12.48,16.84,1440,497.2638888888889,98.16577617675728,410,735
P2,2025-07-23,1,1410,31.97701153191489,0.707012231082307,29.84895,33.72141,1410,13.969716312056738,1.2241301967048364,11.58,17.41,1410,566.7014184397163,113.1186633871853,407,750
P2,2025-07-24,0,1440,32.349879756944446,0.4238386119155945,31.56008,33.29719,1440,15.15290972222222,1.2237641461414954,12.75,17.01,1440,513.3319444444444,88.41826545924275,436,729
P2,2025-07-24,1,1434,32.12163523012552,0.5342064084163827,30.5925,33.6218,1434,14.351834030683403,1.353560675180538,12.04,17.66,1434,670.5488145048814,164.74676603091385,415,1158
P2,2025-07-25,0,1440,32.25215867361111,0.4148527656362719,31.45266,33.20344,1440,14.880131944444445,0.8851165594359546,13.16,16.1,1440,475.6951388888889,76.41599677339546,410,676
P2,2025-07-25,1,1440,31.85574915972222,0.5942828379496461,29.93098,33.44719,1440,13.790972222222223,1.0299639504978566,11.55,16.61,1440,574.4041666666667,110.01680576340249,407,749
P2,2025-07-26,0,1440,33.04229288888889,0.5265109535100769,32.2552,34.13644,1440,16.82197916666667,0.7620680046839796,15.25,18.14,1440,413.7013888888889,5.069605652788775,410,435
P2,2025-07-26,1,1440,33.330972090277776,0.39876697505944886,32.57434,34.21672,1440,17.494083333333332,0.4512176329976543,16.41,18.3,1440,409.44305555555553,0.50248206420477,409,411
P2,2025-07-27,0,1438,33.73555520862308,0.37193376417727414,33.16125,34.71184,1438,17.245250347705145,0.21811532174575626,16.87,18.01,1438,414.36300417246173,2.966117151218089,410,420
P2,2025-07-27,1,1441,34.14672890353921,0.3947936594289722,33.33684,34.9884,1441,17.844219292158225,0.3028115323097443,17.01,18.53,1441,409.7286606523248,1.1799559534678203,409,416
P2,2025-07-28,0,1440,32.92658597222222,0.9787924937138761,30.6093,34.36125,1440,15.304895833333333,1.8104710463226616,12.5,17.42,1440,469.86805555555554,80.99916750125773,410,699
P2,2025-07-28,1,1440,32.14501009722222,1.1145298297400876,29.89797,34.42238,1440,14.637479166666667,1.3886558034649477,12.07,17.47,1440,688.5777777777778,251.39900328481505,410,1297
P2,2025-07-29,0,1440,32.346905319444446,0.5612125724165682,31.2966,33.40246,1440,14.593715277777779,0.6513930244612774,13.1,15.97,1440,463.25347222222223,65.31028460311721,410,644
P2,2025-07-29,1,1440,31.766315791666667,0.9009251982711171,29.77941,33.57492,1440,13.893402777777778,1.1487231714051922,11.82,17.01,1440,596.5458333333333,154.73366338464825,408,1036
P2,2025-07-30,0,1440,32.06411863888889,0.6583572803415351,30.37219,33.18449,1440,15.2374375,1.333907155865449,13.02,17.21,1440,490.3909722222222,91.23363041129963,410,741
P2,2025-07-30,1,1440,31.53697545138889,0.7009780993992017,29.90559,33.25891,1440,14.950555555555555,1.2272787107020777,12.38,17.51,1440,546.5520833333334,124.51385407524462,408,843
P2,2025-07-31,0,1440,31.74553358333333,0.29763014308797453,31.04055,32.51906,1440,14.198027777777778,0.7520700175183782,12.32,15.21,1440,529.0479166666667,105.80105004973272,424,745
P2,2025-07-31,1,1440,31.22471215277778,0.61319267310634,29.93312,32.65168,1440,13.999812499999999,0.8834374589253753,11.81,15.68,1440,709.9243055555555,228.83393985312662,408,1171
P2,2025-08-01,0,1440,32.00155396527778,0.4901793075393208,29.87453,32.8382,1440,14.442958333333333,1.116189349529363,12.44,15.98,1440,503.3465277777778,75.42076588567453,441,871
P2,2025-08-01,1,1440,31.323055951388888,0.6816718911214088,29.82902,33.01477,1440,13.939590277777777,1.2029796393505878,11.89,16.61,1440,746.9125,251.76961872678137,409,1235
P2,2025-08-02,0,1440,33.28932688194444,0.6599784874631648,32.3007,34.60363,1440,16.298993055555556,0.6746126162640571,14.79,17.77,1440,420.46319444444447,11.758103065701196,410,453
P2,2025-08-02,1,1440,33.62490479861111,0.5180546364543573,32.77238,34.73938,1440,17.221375,0.5537965983480856,16.11,18.33,1440,414.225,3.8849954588236515,410,421
P2,2025-08-03,0,1440,34.53121825694445,0.7950371773869985,33.4634,35.98059,1440,16.815819444444443,0.35860884113754515,16.25,17.71,1440,423.00625,11.715795475364537,410,446
P2,2025-08-03,1,1440,34.87889772222222,0.7138543579994434,33.69875,36.11086,1440,17.318145833333332,0.46019706732532356,16.36,18.14,1440,411.4506944444444,3.5620674815706885,408,422
P2,2025-08-04,0,1440,34.07085352777778,1.00674403623879,32.44875,35.56438,1440,15.035631944444445,2.108443930026863,11.49,17.47,1440,505.28680555555553,76.39482020444305,444,707
P2,2025-08-04,1,1440,33.44529130555556,1.0082761048576756,31.21926,35.82121,1440,13.950701388888888,1.9570482005320773,10.36,18.66,1440,661.5118055555556,158.1538641728943,452,1103
P2,2025-08-05,0,1440,32.303121465277776,1.90060650301894,28.09309,34.70988,1440,14.128409722222223,2.144689428275184,10.93,17.15,1440,502.9819444444444,86.78772650692906,430,765
P2,2025-08-05,1,1441,30.635071526717557,1.7200878238367057,28.11106,34.82903,1441,12.72761276891048,1.9480980018849081,10.33,17.76,1441,646.322692574601,169.90003381881309,409,1055
P2,2025-08-06,0,1440,31.0814514375,0.8738145539709204,29.17512,32.22238,1440,12.912715277777778,2.1186795032685977,10.34,15.68,1440,513.6159722222222,100.89447294943108,420,747
P2,2025-08-06,1,1440,30.088710173611112,1.0306216428560795,28.35266,32.38664,1440,12.301062499999999,1.5866719192302432,9.71,16.14,1440,653.6270833333333,183.47687658574566,409,1066
P2,2025-08-07,0,1440,30.613065590277778,0.2520557285485987,30.26945,31.3427,1440,11.391541666666667,0.7613521572611596,10.55,13.57,1440,485.92569444444445,68.47251848924206,423,659
P2,2025-08-07,1,1440,30.85903653472222,0.6050574188210066,29.15031,31.60793,1440,11.675055555555558,0.608709657003421,10.45,12.86,1440,593.8916666666667,102.9936783314078,423,729
P2,2025-08-08,0,1440,31.329518458333332,0.5097970953380806,30.51105,32.06438,1440,13.227583333333333,1.6510024730713138,10.95,15.36,1440,481.4090277777778,90.32195553457989,410,684
P2,2025-08-08,1,1440,31.136888,0.7409050329812333,29.0091,32.35344,1440,12.569472222222222,1.5341386427514916,10.05,16.56,1440,583.4805555555556,122.49296459936609,410,903
P2,2025-08-09,0,1440,32.710870201388886,0.7736450414467242,31.53469,33.50617,1440,15.772013888888889,0.5853186202648795,14.0,16.61,1440,414.09513888888887,5.463758031085835,410,434
P2,2025-08-09,1,1440,32.56688667361111,0.44073838405749205,31.86184,33.47824,1440,14.710625,1.6318281543821613,12.68,17.29,1440,411.43680555555557,5.116451364913883,408,435
P2,2025-08-10,0,1440,33.96191675694444,0.4398880985550835,33.46867,34.59953,1440,16.730416666666667,0.14073753411716544,16.26,16.92,1440,433.54791666666665,8.030115906155968,420,448
P2,2025-08-10,1,1440,34.31920332638889,0.5064711376745964,33.54348,35.00441,1440,16.95495138888889,0.21022440208892926,16.63,17.3,1440,419.34444444444443,10.076122897453267,409,435
P2,2025-08-11,0,1440,32.90184928472222,1.3111410022645917,31.20031,34.29152,1440,14.68332638888889,2.257799110155443,11.4,16.94,1440,531.2340277777778,96.32855857485026,447,772
P2,2025-08-11,1,1440,30.909516930555558,1.3896161056853138,28.8841,34.3257,1440,12.5663125,1.7947239716406291,10.15,18.08,1440,740.3138888888889,272.65624923109465,410,1413
P2,2025-08-12,0,1440,31.787771625,1.1756998250138455,28.22453,33.00851,1440,14.07221527777778,1.4226621663333336,11.73,15.87,1440,493.79791666666665,71.99352430992852,425,729
P2,2025-08-12,1,1441,31.090514538514917,1.476132171101721,27.9802,33.32004,1441,13.29591950034698,1.6447526423831687,9.92,17.14,1441,700.7224149895906,177.0387531453919,448,1112
P2,2025-08-13,0,1440,31.310613180555556,1.0572809071202227,29.35539,32.53625,1440,13.925534722222222,1.6754205986122601,11.58,15.98,1440,500.40833333333336,115.33198266979625,409,776
P2,2025-08-13,1,1440,29.96178127777778,1.178482782558486,28.65949,32.68586,1440,12.790388888888888,1.501207339503589,10.91,16.56,1440,670.9805555555556,220.46213615606618,407,1145
P2,2025-08-14,0,1440,30.806564888888886,1.2223435656433725,27.28742,31.97785,1440,14.155506944444445,1.4551266228357702,11.11,15.85,1440,475.3277777777778,70.50026386916004,420,693
P2,2025-08-14,1,1440,30.02544338888889,1.2550981484361425,27.63449,32.24269,1440,13.087604166666667,1.5427589688090888,10.98,16.62,1440,605.9208333333333,124.45060077260221,412,746
P2,2025-08-15,0,1440,31.175733916666665,0.720902182040071,29.63215,32.09758,1440,14.756402777777778,1.1808307244115421,12.71,16.15,1440,445.98333333333335,48.823999270799256,410,584
P2,2025-08-15,1,1440,30.306559243055556,1.2765357561958417,26.96613,32.31887,1440,13.650722222222223,1.4120091622015087,10.46,17.19,1440,514.5263888888888,73.7442898802275,410,652
P2,2025-08-16,0,1440,32.60994411805556,0.9972699035264637,31.31066,33.90129,1440,16.5013125,0.5982885130147657,15.15,17.47,1440,410.7729166666667,1.3587652669719297,410,415
P2,2025-08-16,1,1440,33.090099270833335,0.81677316041563,31.80578,34.01164,1440,17.14101388888889,0.3030627992110156,16.44,17.52,1440,409.25694444444446,0.4371003033175454,409,410
P2,2025-08-17,0,1440,33.91548259027778,0.6272212178891093,33.2177,34.94035,1440,16.811145833333335,0.1111891919064243,16.63,17.23,1440,415.34930555555553,5.737075652583843,410,426
P2,2025-08-17,1,1440,34.29311697916667,0.7306661817680131,33.21555,35.13215,1440,17.072180555555555,0.2254504456499301,16.59,17.4,1440,410.14444444444445,1.3185888480012116,409,414
P2,2025-08-18,0,1440,32.155091604166664,1.973782312940277,27.72102,34.28547,1440,12.847298611111112,2.490328281369836,9.91,16.95,1440,604.6520833333333,210.697301383077,419,1147
P2,2025-08-18,1,1440,29.278685159722222,1.517236314583167,27.0216,33.88898,1440,11.037875000000001,0.9060953723731286,9.54,14.66,1440,829.4465277777778,357.5190590881621,408,1484
P2,2025-08-19,0,1441,31.252460645385145,0.9327235033959046,28.35988,32.32238,1441,11.070423317140873,0.7489695892879519,9.72,12.06,1441,594.1353226925746,123.58339686465807,470,967
P2,2025-08-19,1,1440,30.130136881944445,1.4323690282192496,27.03684,32.6132,1440,11.555548611111112,0.7525717623841867,10.16,13.57,1440,962.2076388888889,415.0575442709961,464,1987
P2,2025-08-20,0,1440,31.23451154166667,0.6664662718899671,30.3259,32.1384,1440,10.871840277777778,0.19624484300069875,10.33,11.3,1440,568.9173611111111,148.873670662478,415,898
P2,2025-08-20,1,1481,29.808328555030386,1.123640228574038,28.07004,32.29133,1481,11.197332883187036,0.36675785966687535,10.26,12.42,1481,695.7724510465902,219.732639009201,409,1121
P2,2025-08-21,0,1440,31.19247829861111,0.4796624940821948,30.38449,31.86945,1440,11.480777777777778,0.4171708286424749,10.64,12.18,1440,546.7395833333334,113.71621818890644,422,808
P2,2025-08-21,1,1440,30.609240055555553,0.8996679437319632,28.28547,32.16281,1440,12.122611111111112,0.5851655754362366,10.62,13.51,1440,743.7326388888889,233.35011597769787,413,1230
P2,2025-08-22,0,1450,31.320898924137932,0.6018871509724113,30.26789,32.06867,1450,11.478537931034483,1.3038995768715305,9.54,13.03,1450,583.1441379310345,155.33495692904867,421,861
P2,2025-08-22,1,1440,31.255014694444444,0.954280382382542,29.05715,32.42844,1440,11.440631944444444,1.2029028836174909,9.7,14.01,1440,687.4520833333333,181.3851704281556,414,931
P2,2025-08-23,0,1440,32.94623279861111,1.0133033269888887,31.59973,34.18762,1440,12.324555555555555,0.9803025711648161,11.16,14.18,1440,432.1625,33.27366651350958,409,533
P2,2025-08-23,1,1440,33.461748756944445,0.7326926390529472,32.18567,34.24621,1440,13.535319444444445,1.0051871903970995,11.63,15.0,1440,409.21666666666664,0.4121166907349823,409,410
P2,2025-08-24,0,1440,34.471090395833336,0.7419942741998912,33.69855,35.59641,1440,13.087659722222222,0.6061749732281003,12.44,14.6,1440,417.925,9.389195067559243,409,432
P2,2025-08-24,1,1440,34.97213604861111,0.8324133637107994,33.71086,35.93293,1440,14.16248611111111,0.8196524203267322,12.47,15.22,1440,408.9423611111111,0.8014129167382451,408,410
P2,2025-08-25,0,1440,33.05318359722222,1.7629508471414501,30.66066,34.95559,1440,11.685173611111113,1.208347833557849,10.0,13.04,1440,591.15625,172.07110188138924,429,876
P2,2025-08-25,1,1440,30.69334629861111,1.5581180867701288,27.14289,34.72551,1440,10.390027777777778,0.7332365630973023,9.18,13.14,1440,803.1833333333333,277.9341061086776,410,1449
P2,2025-08-26,0,1224,31.991985343137255,0.6479457309284028,30.82414,32.78371,1224,11.182532679738562,0.2680030459133169,10.63,11.59,1224,608.1642156862745,134.95552700929738,474,923
P2,2025-08-26,1,1441,31.6551187092297,0.885046430663832,29.51203,33.05754,1441,11.736863289382374,0.4776779933438502,10.67,13.04,1441,924.9070090215129,398.4327800715718,466,1908
P2,2025-08-27,0,106,31.94055613207547,0.09094343239796948,31.71984,32.07883,106,11.703018867924529,0.10756322447592839,11.38,11.88,106,528.2358490566038,25.599312448651077,488,588
P2,2025-08-27,1,296,32.043600743243246,0.4870896120157811,30.63879,32.5132,296,12.432128378378378,0.5075563227379386,11.88,14.11,296,431.90202702702703,21.582177108868997,410,486
P2,2025-08-28,0,720,30.920417847222225,0.3703062896946718,30.45559,31.61769,720,12.504819444444443,1.3511660737049633,11.12,14.95,720,501.52777777777777,38.84037882209345,440,582
P2,2025-08-28,1,1080,30.720502472222222,0.4639054571622332,29.34934,31.24445,1080,11.215824074074074,0.5626750507758369,10.06,12.39,1080,751.5481481481481,195.26746822899096,446,1347
P2,2025-08-29,0,1353,31.311071315594972,0.6552330224687142,29.89894,32.05012,1353,14.321862527716187,1.7659140119653214,11.53,16.32,1353,465.93348115299335,64.77497469793532,414,660
P2,2025-08-29,1,312,31.123557243589747,0.9413358422751517,29.09328,32.28527,312,13.563108974358974,1.9885247034233717,10.96,16.8,312,639.375,225.43572047819777,416,1196
P2,2025-08-30,0,1441,33.13110259541985,1.136289809330374,31.68547,34.7093,1441,17.684316446911865,0.7703334197408354,15.94,18.48,1441,414.0791117279667,5.406720436373156,408,424
P2,2025-08-30,1,1440,33.8165353125,1.0161785197720183,32.21418,34.99524,1440,18.2043125,0.20914153161602905,17.67,18.5,1440,408.6451388888889,0.7871739250010737,408,410
P2,2025-08-31,0,1440,34.2090589375,0.40130594933381647,33.73078,35.04172,1440,18.086673611111113,0.3879542813141724,17.46,18.64,1440,426.9194444444444,6.1411843829847905,415,441
P2,2025-08-31,1,1440,34.9686084375,0.7887511494603369,33.73332,36.01457,1440,18.891819444444444,0.24555822445043293,18.14,19.19,1440,420.7402777777778,11.211432660433816,410,441
P2,2025-09-01,0,1440,32.608213097222226,1.6256462522204072,30.65969,34.37141,1440,14.826944444444443,2.5713647306188485,11.55,17.49,1440,502.47291666666666,75.87838621972189,436,668
P2,2025-09-01,1,1398,30.83543542918455,1.2514853125903644,28.88605,34.14543,1398,12.448640915593705,1.3323853931543055,10.93,17.59,1398,698.7968526466381,256.8320022592663,409,1271
P2,2025-09-02,0,1335,31.422271048689137,0.9161988878017658,30.12844,32.53742,1335,15.168449438202249,1.7120274526868533,12.81,17.59,1335,523.7318352059925,90.83513079893248,448,753
P2,2025-09-02,1,1440,30.41996370138889,1.1571624089119703,28.44836,32.83156,1440,13.984902777777776,1.90314146979609,11.14,18.32,1440,774.8041666666667,269.7659691147592,449,1490
P2,2025-09-03,0,411,31.350828734793186,0.1080174466660266,31.05324,31.48586,411,16.28963503649635,0.3413547087832096,15.3,16.63,411,428.18978102189783,8.018758051196992,419,455
P2,2025-09-03,1,154,31.427572597402595,0.4087817759147373,29.99094,31.88898,154,16.384805194805192,0.9659342869834489,13.61,17.43,154,429.2597402597403,14.588385206685151,419,475
P2,2025-09-04,0,720,30.413736555555552,0.21753160104182823,30.06027,30.85813,720,14.372625000000001,0.7309307218179847,13.5,15.89,720,496.1513888888889,42.424448081365725,429,590
P2,2025-09-04,1,1010,30.003862366336634,0.7609644502991358,28.3632,31.25715,1010,13.676,0.6236479846207382,11.98,15.09,1010,557.919801980198,55.5444669939109,422,670
P2,2025-09-05,0,1440,30.915771972222224,0.26034448358501805,30.35813,31.27199,1440,15.240534722222222,1.5395467163791183,12.72,17.07,1440,443.06597222222223,42.03387836324816,410,562
P2,2025-09-05,1,1432,30.399740139664807,0.8484265015899284,28.60578,31.48469,1432,14.338491620111732,1.3706820242746862,11.9,18.02,1432,557.3198324022346,130.33618176569578,409,943
P2,2025-09-06,0,850,31.8165288,0.9315449827571857,31.19719,34.29016,850,16.601023529411766,0.6079531876403752,15.77,18.3,850,410.7811764705882,3.0683802550068893,409,428
P2,2025-09-06,1,1402,33.37854012838802,1.143047762290498,31.55871,34.67512,1402,17.887674750356634,0.6609604218791179,16.69,18.66,1402,408.7567760342368,0.6500758357312887,408,410
P2,2025-09-07,0,1072,34.01705314365672,0.5194073033624674,33.2382,34.71496,1072,18.04071828358209,0.6397159930372158,17.02,18.76,1072,433.86660447761193,9.550393367972077,422,454
P2,2025-09-07,1,1440,34.42879439583333,0.7000207472283968,33.25851,35.30949,1440,18.711236111111113,0.7806374685773764,17.2,19.72,1440,439.7604166666667,12.41365854693145,417,457
P2,2025-09-08,0,720,33.962238944444444,0.08273446239881013,33.83234,34.13234,720,18.266375,0.031526723326849894,18.17,18.33,720,422.1069444444444,1.752711103940844,419,427
P2,2025-09-08,1,269,31.142170446096657,1.613186668033877,29.25266,33.8843,269,14.0364312267658,2.362453169383197,11.82,18.29,269,414.43122676579924,10.11389942352264,408,447
P2,2025-09-09,0,721,31.19286786407767,0.3319675354385757,30.67199,31.8007,721,13.394590846047157,0.6677126214626528,12.65,14.73,721,599.1664355062413,82.39055052798585,477,728
P2,2025-09-09,1,1092,30.319729047619045,0.7907802011126058,28.29563,31.94582,1092,13.025970695970697,0.619068866351159,11.83,14.49,1092,784.209706959707,194.20102357922147,504,1299
P2,2025-09-10,0,1440,31.691984958333332,0.39268690199663625,30.91633,32.26613,1440,14.973805555555554,0.5250862767425168,13.36,15.6,1440,439.84027777777777,23.878911347673238,410,526
P2,2025-09-10,1,1440,30.4807454375,1.0869113741663181,28.49562,32.4925,1440,13.279319444444445,1.3193039241868998,11.29,16.1,1440,619.8909722222222,135.62591595112224,435,971
P2,2025-09-11,0,1440,30.975798597222223,0.608047687493105,27.94699,31.55539,1440,14.001840277777779,1.3042889167522156,10.86,15.66,1440,457.05902777777777,63.48077022275552,410,611
P2,2025-09-11,1,1440,30.701626236111114,0.9631218990422494,27.95774,31.81418,1440,12.885895833333333,1.3452409216051933,10.83,15.97,1440,652.6583333333333,199.31855747101926,409,1178
P2,2025-09-12,0,1440,31.35353985416667,0.35205697864546176,30.63547,31.83859,1440,14.088375,1.4717630876506405,11.81,15.61,1440,510.5527777777778,111.42842833559324,410,746
P2,2025-09-12,1,1440,30.675810000000002,0.7438928220553707,29.12531,31.95617,1440,13.134743055555555,1.1652031902577713,11.59,16.34,1440,635.4402777777777,139.87696585219905,408,842
P2,2025-09-13,0,1440,32.8308014375,0.7444439110612532,31.81203,33.88937,1440,17.376097222222224,1.0265328091841093,15.2,18.55,1440,427.06944444444446,14.218562375357248,410,466
P2,2025-09-13,1,1440,33.519797611111116,0.6765124269446218,32.2843,34.27121,1440,18.077826388888887,0.6192837534898674,17.02,18.83,1440,419.1701388888889,6.447376977527881,410,432
P2,2025-09-14,0,1440,34.04841595833333,0.7727505911095964,33.24465,35.29758,1440,18.142868055555557,0.17483846397588712,17.83,18.76,1440,410.8076388888889,2.278661319605624,409,418
P2,2025-09-14,1,1440,34.6790881875,0.874635895959719,33.26398,35.71281,1440,18.90648611111111,0.4938020437977128,17.86,19.44,1440,418.06180555555557,11.395398511289576,409,442
P2,2025-09-15,0,1440,32.89356479166667,1.5719575409583282,29.25617,34.55246,1440,16.02647222222222,2.4834103463781827,11.76,18.53,1440,491.5284722222222,105.712752892643,410,720
P2,2025-09-15,1,1440,31.764736493055555,1.2428468150920813,29.29836,34.41535,1440,13.88554861111111,2.08590907161274,11.8,19.96,1440,676.0006944444444,194.61358695490293,408,1200
P2,2025-09-16,0,1440,32.01150036111111,0.6614399807967493,30.99328,32.85793,1440,15.471736111111111,2.4238549318946863,12.17,18.5,1440,496.9611111111111,97.09721535747185,420,712
P2,2025-09-16,1,1441,31.687456682859125,0.8479645468713815,30.30402,33.17766,1441,14.413671061762663,2.164525364973448,11.24,18.87,1441,612.8792505204719,117.6729253221929,424,798
P2,2025-09-17,0,1440,31.49854442361111,0.678515563872164,30.55734,32.23957,1440,15.352340277777778,2.2115682041611557,12.1,18.06,1440,502.04791666666665,118.25567316079004,410,795
P2,2025-09-17,1,1440,31.09659611111111,0.8701657160378121,29.51359,32.50266,1440,14.577298611111113,1.8970722828662123,12.23,18.31,1440,593.3263888888889,123.67868038344983,410,795
P2,2025-09-18,0,1440,31.074955715277778,0.568985439830305,30.13254,31.73606,1440,15.060930555555556,1.8004028877073506,12.4,17.31,1440,470.75625,76.74275614734638,410,672
P2,2025-09-18,1,1440,30.195863187500002,0.8498276158429153,28.35266,31.82883,1440,13.730729166666666,1.589515101775835,11.36,17.79,1440,645.7118055555555,175.8837220118226,407,1059
P2,2025-09-19,0,1440,31.15626470138889,0.1870846116868082,30.68723,31.6091,1440,14.543083333333334,0.7335882424906328,12.45,15.76,1440,476.56458333333336,72.85841645978282,418,656
P2,2025-09-19,1,1440,30.938991861111113,0.5148614562816114,29.01476,31.62375,1440,13.202597222222224,1.2805824352403383,11.61,15.87,1440,585.7736111111111,110.73743023626515,416,711
P2,2025-09-20,0,720,31.770184680555555,0.08094683453549012,31.57941,31.87512,720,16.293305555555555,0.19200549358223645,15.75,16.54,720,426.825,5.5101310157606855,420,443
P2,2025-09-20,1,543,31.591821786372005,0.30288605355714077,31.09758,31.92101,543,15.13637200736648,1.1182187608641427,13.22,16.2,543,458.6500920810313,34.37082124873567,427,548
P2,2025-09-23,1,36,30.03106916666667,0.7462816902766318,28.38781,30.7718,36,14.870833333333334,0.16402743672934833,14.54,15.07,36,412.0833333333333,15.400139145939097,409,500
P3,2025-07-17,0,55,24.94542236363636,0.9088652559830793,22.76398,27.12043,55,13.223818181818181,1.1704264669248192,11.57,15.9,55,524.6909090909091,12.268406771614897,500,558
P3,2025-07-18,0,1438,28.261411759388036,2.3291267435836507,24.64328,31.9884,1438,12.30903337969402,0.6748929946358933,10.72,13.79,1438,595.5855354659249,101.9145704272494,481,842
P3,2025-07-18,1,836,31.063210083732056,1.6824674392961818,25.69055,33.9882,836,11.69171052631579,0.4527272697500012,10.11,13.44,836,714.8480861244019,123.45899805168321,452,966
P3,2025-07-19,0,1441,32.00377863983345,0.5294755277823083,31.20519,33.13723,1441,14.4811519777932,0.5499372992775726,13.37,15.47,1441,465.0312283136711,28.221243903281852,414,532
P3,2025-07-19,1,1440,32.42670332638889,0.6986147546028648,31.33957,34.08195,1440,14.282326388888889,0.17895633383951684,13.92,14.89,1440,451.55069444444445,13.006447839836554,420,480
P3,2025-07-20,0,1079,32.693561186283596,0.5184280974513075,32.03899,33.97356,1079,15.269592215013901,0.33132166403652114,14.85,16.13,1079,431.74884151992586,9.346898131806219,412,485
P3,2025-07-20,1,1440,33.079772569444444,0.6156139545109881,32.07453,34.53859,1440,15.133097222222222,0.17216357428086942,14.85,15.63,1440,424.7625,10.103590448860585,400,454
P3,2025-07-21,0,768,31.001819531250003,1.4322059595177832,28.14738,33.43742,768,12.316067708333334,1.5546236394503616,10.16,16.18,768,629.98828125,107.63671391872744,461,829
P3,2025-07-21,1,1142,30.446679220665498,1.0067822632740004,28.00207,33.46203,1142,11.193108581436078,1.0416225900495786,9.46,16.13,1142,779.8441330998248,107.19100979874894,466,927
P3,2025-07-22,0,1438,31.441587420027815,1.1908987425857631,28.66809,33.09465,1438,13.26461752433936,1.320117911805818,10.64,14.95,1438,564.2489568845618,102.74959892349442,472,828
P3,2025-07-22,1,1440,30.283463215277777,1.2481526561825873,27.78156,32.99621,1440,11.782784722222221,1.4586527271772605,9.48,15.2,1440,759.1409722222222,185.21511709030665,448,1009
P3,2025-07-23,0,1437,31.0308153375087,0.9794195782288371,28.20676,32.3509,1437,12.93268615170494,1.6129049191355416,10.02,15.06,1437,566.1544885177453,93.27384915194142,475,790
P3,2025-07-23,1,1406,30.6642376458037,1.132103445234312,28.01965,33.56496,1406,11.892439544807965,1.3516937397552236,9.97,15.07,1406,838.9359886201992,371.6143834570368,430,1964
P3,2025-07-24,0,1432,30.9389187849162,0.8519658503861767,28.47395,32.96711,1432,12.892060055865922,1.0398740794983645,10.47,14.32,1432,588.3624301675977,117.38645553562228,472,861
P3,2025-07-24,1,1433,29.93857050244243,1.0510726067111176,28.77219,32.89348,1433,11.622037683182135,1.2605165014922677,10.43,14.52,1433,695.3412421493371,130.70718194126061,468,858
P3,2025-07-25,0,1439,30.96345218207088,0.7177897718894947,27.95383,33.00109,1439,13.140708825573315,1.1213421067205684,10.59,14.55,1439,575.6789437109104,109.07079935164195,467,870
P3,2025-07-25,1,1440,30.063509354166666,1.0692550212067087,28.77043,32.85168,1440,11.50325,1.294695756598554,9.95,14.72,1440,719.2180555555556,166.59376533369473,445,1098
P3,2025-07-26,0,1440,31.413537513888887,0.31009898947236575,30.78176,32.30402,1440,15.433256944444445,0.7540096316504565,13.86,16.49,1440,467.2993055555556,36.01208197483599,403,519
P3,2025-07-26,1,1440,31.48454454861111,0.22481384242679553,31.01926,32.19641,1440,15.741833333333334,0.2857551107535063,15.1,16.44,1440,488.75,7.010465719471899,468,504
P3,2025-07-27,0,1441,31.801680687022902,0.24855225288913285,31.33625,32.60578,1441,16.009347675225538,0.17632708482688747,15.7,16.7,1441,420.77862595419845,17.114572690793857,400,453
P3,2025-07-27,1,1440,31.827776479166666,0.2496541126344356,31.31633,32.54172,1440,16.02695138888889,0.1695739594562175,15.76,16.46,1440,410.56944444444446,3.2017038067017443,400,418
P3,2025-07-28,0,1434,30.90632962343096,1.2367136544310025,27.61379,32.49953,1434,14.13057880055788,1.957024782958415,11.17,16.38,1434,526.7810320781032,108.08719840585725,430,779
P3,2025-07-28,1,1440,30.261855888888892,1.161337051886971,28.49504,33.01144,1440,12.901493055555557,1.6711760494980692,10.82,16.74,1440,693.6625,154.26928789049546,432,938
P3,2025-07-29,0,1430,30.736176923076922,1.087996969515062,27.21379,32.10852,1430,13.768034965034966,1.2933059547873496,11.17,15.48,1430,521.4370629370629,82.37960163375075,443,740
P3,2025-07-29,1,1439,30.60152312717165,1.1714272756295339,28.74777,33.41633,1439,12.481813759555248,1.2435028830238781,11.01,15.34,1439,707.227936066713,167.8627519813756,411,909
P3,2025-07-30,0,1432,30.804181117318436,0.9008158378011704,28.01223,32.19934,1432,14.543540502793295,1.3016468495985216,12.39,16.43,1432,551.629189944134,117.06534486540343,432,784
P3,2025-07-30,1,1440,30.657536381944446,1.1703734367969343,28.16809,33.25266,1440,13.789847222222223,1.2837157147929827,11.23,16.58,1440,929.6631944444445,463.9889871099857,400,1947
P3,2025-07-31,0,1437,29.068587494780797,1.0078975130149672,26.00012,30.85754,1437,13.273242867084205,1.156942736693752,9.82,14.71,1437,608.8315935977731,141.9470487743425,476,1268
P3,2025-07-31,1,1440,28.555472194444445,0.9178161770023713,26.4216,30.63,1440,11.83488888888889,0.9414892842867896,9.77,13.85,1440,798.9930555555555,245.68818400554343,444,1350
P3,2025-08-01,0,1436,28.722981142061283,0.7690319940030914,27.15891,29.62141,1436,13.328509749303622,1.1057162248695278,10.9,14.4,1436,580.9770194986072,84.20995100245042,482,798
P3,2025-08-01,1,1441,28.357109861207494,0.49897532332185135,26.94094,29.4175,1441,12.16821651630812,1.0584808678160373,10.77,14.55,1441,704.9097848716169,135.34976365788518,460,856
P3,2025-08-02,0,1440,29.884558465277777,0.29286280771090467,29.29504,30.41301,1440,14.79079861111111,0.39087665552099626,13.93,15.33,1440,482.3027777777778,45.543463642265436,400,546
P3,2025-08-02,1,1440,29.97563884722222,0.43531914435509206,29.3759,31.02355,1440,15.156756944444444,0.13908105767850512,14.76,15.43,1440,510.2125,6.916406203668734,482,530
P3,2025-08-03,0,1437,30.54127910925539,0.4740716403936603,29.8343,31.37727,1437,15.068162839248435,0.18664489300084025,14.81,15.58,1437,429.6367432150313,18.502811273981276,400,470
P3,2025-08-03,1,1440,31.004716201388888,0.864465205726688,29.79055,32.41438,1440,15.113472222222223,0.1659262101644063,14.78,15.37,1440,417.7951388888889,9.731937563341553,400,441
P3,2025-08-04,0,1438,29.59108488873435,1.4394775621424951,26.89484,31.08254,1438,13.73846314325452,1.8465078672429909,10.73,15.54,1438,546.2726008344923,104.72292747175926,434,811
P3,2025-08-04,1,1440,28.84665678472222,1.1555706805970787,26.90129,31.78176,1440,11.714875,1.753111951132508,9.2,15.78,1440,692.9375,152.1681122361547,423,957
P3,2025-08-05,0,1433,28.94979285415213,1.265238786819012,26.6591,30.31633,1433,13.54106071179344,1.930840625776626,10.49,15.67,1433,577.2777390090719,94.64141918932386,482,791
P3,2025-08-05,1,1440,28.49818457638889,1.0041354999351968,26.27648,30.33566,1440,11.915458333333332,1.7265727031220237,9.1,15.78,1440,764.2069444444444,166.93284766424793,485,982
P3,2025-08-06,0,1438,28.519121446453404,1.3673481085828108,26.77297,30.26652,1438,12.740236439499304,2.158703462718231,10.14,15.28,1438,591.2726008344923,104.4022557010035,491,855
P3,2025-08-06,1,1440,28.610666451388887,0.8100950876366574,27.06398,30.52629,1440,11.548979166666665,1.681773857395318,9.17,15.37,1440,880.875,433.7663275240208,487,2143
P3,2025-08-07,0,1439,27.893833919388467,0.8235318135808515,26.89992,29.79367,1439,10.865045170257122,0.7103509348697497,9.79,12.64,1439,576.9034051424601,92.83160900768705,484,781
P3,2025-08-07,1,1441,28.014167841776544,0.5368218158056379,27.02805,29.54465,1441,10.492928521859819,0.39681495970847247,9.41,11.21,1441,723.4906315058987,147.30438564491547,482,1011
P3,2025-08-08,0,1434,29.360380258019525,1.1815293244696545,27.2382,30.65773,1434,12.355934449093445,1.6709861026846142,9.87,14.34,1434,582.7412831241284,106.47394019857134,487,824
P3,2025-08-08,1,1440,28.972929694444442,0.919457729184718,26.76418,30.76516,1440,11.27182638888889,1.5684737376185849,9.57,14.38,1440,695.9590277777778,123.14778260454489,486,827
P3,2025-08-09,0,1440,31.308830256944443,0.659194094497554,30.11867,32.21223,1440,14.591055555555554,0.6653017391670336,13.21,15.73,1440,471.6347222222222,39.854389799646945,409,537
P3,2025-08-09,1,1440,31.026698180555552,0.6530328594465274,29.89152,32.22473,1440,13.104055555555556,1.6638906981602863,11.31,15.7,1440,493.24791666666664,27.45964875528688,440,533
P3,2025-08-10,0,1440,32.47550363888889,0.37480542319759463,31.86164,33.09914,1440,15.524159722222223,0.23760880725290415,15.09,15.93,1440,442.0541666666667,21.530264992154464,407,483
P3,2025-08-10,1,1440,32.83932584027778,0.5396998917708675,31.9343,34.06965,1440,15.099145833333333,0.16230799181735336,14.83,15.51,1440,421.73819444444445,15.82040227298003,400,450
P3,2025-08-11,0,1433,30.900208869504535,1.9604382744280908,27.68742,32.90832,1433,13.884480111653872,2.013854880280366,11.07,15.95,1433,568.0516399162595,109.12514015632878,471,812
P3,2025-08-11,1,1440,28.89310077777778,1.5720129356821488,26.28195,33.20695,1440,11.070243055555554,1.7190762292443933,9.29,16.11,1440,704.1125,151.97688683263996,434,880
P3,2025-08-12,0,1438,30.07198457579972,1.6427373055442491,27.26926,31.89367,1438,13.540389429763561,1.465034641565759,10.97,14.93,1438,560.201668984701,99.05591764129761,476,818
P3,2025-08-12,1,1440,28.986952118055555,1.6002866838392147,26.3759,31.95305,1440,11.823729166666665,1.6515285893041831,9.47,15.27,1440,767.4486111111111,165.5668348054847,485,1041
P3,2025-08-13,0,1438,29.468855945757994,1.6491971244177122,25.99895,31.36555,1438,13.253414464534075,1.8409046547264234,9.69,15.29,1438,566.249652294854,124.59757734532542,458,911
P3,2025-08-13,1,1440,28.611613277777778,1.1880606502381497,26.42316,31.36262,1440,11.441729166666667,1.7644221551569603,9.12,15.37,1440,802.9576388888889,240.10424597237434,444,1319
P3,2025-08-14,0,1434,29.29717847280335,1.2446278124852603,26.42922,30.6507,1434,12.990111576011158,1.3855702840225794,10.04,14.42,1434,547.0292887029289,93.15177108513605,459,789
P3,2025-08-14,1,1440,28.7050516875,1.053726260568759,26.77336,30.84953,1440,11.57538888888889,1.4892741333323478,9.4,14.69,1440,730.2208333333333,168.6521760316024,457,1001
P3,2025-08-15,0,1440,29.544352791666668,0.8925338475659266,27.81437,30.64211,1440,13.004541666666666,1.2696250664044644,10.95,14.43,1440,538.1083333333333,87.89303112353893,464,758
P3,2025-08-15,1,1440,28.807155993055556,0.8676664551304789,26.86574,30.76769,1440,11.557895833333333,1.4362237481958886,9.96,14.7,1440,687.9444444444445,130.92941818893692,463,864
P3,2025-08-16,0,1440,30.973453541666665,0.8334981583524153,29.82863,32.33,1440,14.51838888888889,0.4727989949873305,13.46,15.18,1440,462.21180555555554,23.495543902113287,421,500
P3,2025-08-16,1,1440,31.680323173611114,1.0957266373278065,30.10207,33.26887,1440,14.491916666666667,0.10777137797049544,14.27,14.77,1440,457.1125,16.125070906643,432,487
P3,2025-08-17,0,1440,31.996804055555554,0.6071555387882381,31.1675,33.32317,1440,14.831243055555557,0.33002903291175334,14.1,15.25,1440,431.80347222222224,15.422369037862282,407,461
P3,2025-08-17,1,1440,32.68961909027777,0.9799026477833218,31.20344,34.10168,1440,14.5351875,0.2393083463332228,14.09,14.95,1440,413.78055555555557,12.40969200114473,400,435
P3,2025-08-18,0,1439,30.436266309937455,1.7022139490071102,27.5009,32.42512,1439,10.797838776928423,2.3291236448773494,8.2,15.07,1439,647.3127171646977,219.90249020821614,442,1102
P3,2025-08-18,1,1440,28.986555784722224,1.1520757630834484,26.32766,32.70031,1440,9.506305555555555,0.7092485161408878,8.35,11.78,1440,817.0805555555555,244.63371472857423,400,1127
P3,2025-08-19,0,1432,29.569334539106148,1.2739618113339113,27.27805,30.91086,1432,9.275279329608939,0.13600028843475823,8.79,9.48,1432,688.6675977653631,142.30068208048172,526,981
P3,2025-08-19,1,1440,29.33966227777778,1.0401092173066622,26.96144,31.74309,1440,9.543708333333333,0.40620944550880433,8.67,10.54,1440,890.7652777777778,279.40836017032615,513,1492
P3,2025-08-20,0,1439,29.231876038915914,1.2481349130850317,27.15383,30.7091,1439,9.104732453092424,0.15022716223871754,8.74,9.37,1439,697.3766504517025,145.29361633657808,500,1018
P3,2025-08-20,1,1480,28.511105195945945,0.9899271781170702,26.43605,30.66867,1480,9.009804054054054,0.3781484402326074,8.17,9.67,1480,855.7358108108108,206.75890278866171,496,1118
P3,2025-08-21,0,1439,29.006039812369703,1.106101190639741,26.80734,30.29699,1439,9.453453787352329,0.20314894930278055,9.02,9.89,1439,683.6157053509381,117.74498174760933,500,931
P3,2025-08-21,1,1440,28.764994659722223,1.0430049778046278,26.44211,30.35617,1440,9.6826875,0.40957451725013494,8.9,10.75,1440,848.6791666666667,212.50417283234808,531,1209
P3,2025-08-22,0,1442,30.308966345353678,0.5289855044737998,29.39992,31.46164,1442,9.523834951456312,0.6075800925424467,8.29,10.22,1442,721.6581137309292,147.19095041764695,551,979
P3,2025-08-22,1,1440,30.282330784722223,1.6598924900932048,28.03762,33.86477,1440,9.652680555555555,0.6108136344888893,8.31,10.77,1440,801.2631944444445,169.88233521307154,544,1140
P3,2025-08-23,0,1440,32.71102141666667,1.0795260913284481,31.39562,34.55774,1440,9.907847222222221,0.4276344798530624,9.33,10.4,1440,521.5013888888889,80.78697352843965,413,685
P3,2025-08-23,1,1440,33.6072134375,1.0462937524439817,31.7675,35.27609,1440,10.033298611111112,0.16613045184652583,9.6,10.28,1440,501.47291666666666,18.68351206748399,470,547
P3,2025-08-24,0,1440,34.04116769444444,0.8701586822606634,33.05246,35.59777,1440,10.347222222222221,0.03851562040537771,10.27,10.44,1440,438.7076388888889,18.393164197856954,407,470
P3,2025-08-24,1,1440,34.97978045138889,1.2206899492991492,33.04192,36.75207,1440,10.526659722222222,0.16473626080697182,10.25,10.87,1440,426.53819444444446,19.508340001336528,400,467
P3,2025-08-25,0,1439,32.49067014593468,1.8473246808680346,30.09758,34.54602,1439,9.433384294649061,0.8578335013588537,8.38,10.35,1439,641.7581653926338,191.81032703898288,447,977
P3,2025-08-25,1,1440,29.76951179861111,1.4200697892819036,27.17082,34.19777,1440,8.982541666666666,0.49154908057094915,8.07,10.4,1440,783.0840277777778,226.27268480586793,401,1129
P3,2025-08-26,0,962,31.721132692307695,0.29082085339989266,30.96867,32.08254,962,8.715010395010395,0.06136709873820252,8.61,8.87,962,684.0634095634096,169.15101446366205,543,998
P3,2025-08-26,1,1440,31.30840172222222,1.2708896063809796,27.6591,32.64348,1440,9.153958333333334,0.2734631546338946,8.25,10.25,1440,871.9493055555556,197.8990366323292,531,1208
P3,2025-08-28,0,716,30.44199090782123,0.7170393756399069,29.51476,31.61867,716,11.046592178770949,1.1840548353136557,9.63,13.02,716,656.5586592178771,76.97387202073226,559,839
P3,2025-08-28,1,1080,30.674454435185186,0.8798946068829738,27.89289,32.6009,1080,9.129666666666667,0.6630685819679313,8.27,11.31,1080,917.6564814814815,157.0852485292478,606,1242
P3,2025-08-29,0,1334,31.16195395802099,0.7737511403381329,29.55285,32.03879,1334,12.602428785607197,1.3936968629466775,9.87,14.47,1334,595.5359820089955,74.52136732638971,527,783
P3,2025-08-29,1,255,31.76571482352941,0.8117326254871016,30.43625,34.27336,255,11.734627450980392,1.5963646441825983,9.62,14.3,255,699.2823529411764,146.2357021826991,525,940
P3,2025-08-30,0,1440,32.96315700694444,1.18043025825048,31.52219,35.19231,1440,15.471180555555556,0.5451403814430704,14.43,16.25,1440,495.94097222222223,49.37938662977251,417,559
P3,2025-08-30,1,1440,34.297635534722225,1.5678619786115942,31.96613,36.61633,1440,15.421534722222221,0.08943847786643194,15.14,15.56,1440,498.54583333333335,16.668683628245393,469,538
P3,2025-08-31,0,1440,33.672877972222224,0.39191997913630555,33.11028,34.58059,1440,15.913090277777776,0.35676189082285265,15.4,16.49,1440,446.18541666666664,24.59946684606169,421,492
P3,2025-08-31,1,1440,34.8030328125,1.087801535323327,33.11457,36.6841,1440,16.111013888888888,0.2559150415539309,15.33,16.44,1440,424.9590277777778,8.843578630922813,405,442
P3,2025-09-01,0,1437,31.6287951565762,2.0011502303186877,28.92941,33.75344,1437,13.463716075156576,2.2114771145018994,10.4,15.69,1437,552.6527487821851,86.11597301861669,479,772
P3,2025-09-01,1,1399,30.69654755539671,0.9298211496614135,28.61769,33.49914,1399,10.762558970693352,1.1335641560635008,9.72,15.44,1399,698.3073624017155,143.69096805985902,417,871
P3,2025-09-02,0,960,30.81985809375,1.0112224076652705,27.61496,31.68879,960,14.5348125,1.782115053195464,10.4,16.3,960,590.7677083333333,154.70689161709964,493,950
P3,2025-09-02,1,1440,30.530503694444445,1.0042938341949839,27.64133,32.21555,1440,12.251986111111112,1.8065817279506777,9.84,16.32,1440,806.9027777777778,185.80890223754608,484,1038
P3,2025-09-04,0,240,29.551548625,0.4529814383316335,28.32512,29.91613,240,11.675791666666667,0.2992546499838576,11.17,12.0,240,800.2166666666667,115.07848392139022,695,1092
P3,2025-09-04,1,1010,29.321090376237624,0.6434741548947419,27.4798,30.6509,1010,11.401712871287128,0.49914092376470315,10.32,12.9,1010,885.4821782178218,160.56494716742552,686,1274
P3,2025-09-05,0,713,30.03580834502104,0.7804950083075878,29.03762,31.28527,713,11.34617110799439,0.9535319081679567,10.35,13.19,713,603.2594670406733,74.81678932112987,515,773
P3,2025-09-05,1,994,30.497533712273643,0.5012940176442187,29.83156,31.96867,994,11.460261569416499,0.4361013906795295,10.75,12.47,994,786.4808853118712,48.70853918304631,654,868
P3,2025-09-06,0,844,31.57047618483412,0.7640418598091246,31.11106,33.60266,844,13.920414691943128,0.3450004811278259,13.11,14.85,844,499.90876777251185,13.395878295233024,424,524
P3,2025-09-06,1,1387,33.047091276135546,0.9801498800885756,31.10656,34.24191,1387,14.58422494592646,0.30548879978531873,14.09,15.12,1387,474.85219899062724,11.37586559486892,443,509
P3,2025-09-07,0,1048,33.54494885496183,0.4104952872362774,32.80109,34.22805,1048,15.233034351145038,0.5978958254680307,14.2,15.73,1048,456.912213740458,16.84952006220868,422,491
P3,2025-09-07,1,1441,34.0597580777238,0.670067621364735,32.70403,35.00598,1441,14.953261623872312,0.39297394454180623,14.39,15.71,1441,438.9590562109646,9.565366647893859,415,468
P3,2025-09-08,0,1196,32.32396476588629,1.6486947700015024,28.64211,33.8009,1196,14.289013377926421,2.0346246424842467,10.29,16.06,1196,509.1948160535117,55.497940765141614,460,668
P3,2025-09-08,1,270,28.924725888888887,2.2525732517684407,26.03449,33.47922,270,12.280925925925926,2.0168567215805973,9.75,16.05,270,420.5925925925926,26.680624187003673,400,479
P3,2025-09-09,0,1431,31.055852550663875,1.0757865904791342,29.21477,32.44035,1431,12.554828791055206,1.4218540375978945,10.44,14.33,1431,567.2543675751223,123.0982591499007,453,838
P3,2025-09-09,1,1441,29.443466655100625,1.8855853345525166,25.20441,32.48449,1441,11.576856349757113,1.4126355537867832,9.76,14.77,1441,726.5503122831367,160.43706927042462,456,936
P3,2025-09-10,0,1430,31.229871867132868,0.23344870760214204,30.43547,31.53273,1430,12.859895104895106,0.9040122386050635,10.81,14.08,1430,510.2027972027972,46.335747881180296,469,678
P3,2025-09-10,1,1440,29.728931736111107,1.3104302071686962,26.0677,31.81184,1440,11.475194444444444,1.3445348016725571,9.57,14.27,1440,705.1319444444445,152.64039990156428,455,903
P3,2025-09-11,0,1439,30.27212977067408,1.0094024811967033,28.43684,31.14562,1439,11.868165392633774,1.0547933363280262,9.85,12.89,1439,547.1772063933287,93.4199612513376,475,774
P3,2025-09-11,1,1440,29.281493013888888,1.7237568915692836,25.40207,31.77375,1440,10.981715277777777,1.0054920290461125,8.97,12.83,1440,705.9694444444444,145.25909050471427,457,994
P3,2025-09-12,0,1439,29.962674148714385,1.1999655850366,27.93801,31.19602,1439,12.571424600416956,0.9437295363656144,10.97,14.32,1439,573.3655316191799,110.71208927197344,465,802
P3,2025-09-12,1,1440,29.299060402777776,1.0692550800886824,26.68859,31.38996,1440,11.524923611111111,0.7765474772553808,10.45,13.46,1440,694.5076388888889,144.96562079790996,448,874
P3,2025-09-13,0,1440,30.901040520833334,0.6313522570058333,29.96437,31.85188,1440,15.46117361111111,0.4300142349383667,14.25,16.17,1440,482.2006944444444,40.987591126359014,412,534
P3,2025-09-13,1,1440,31.673789861111114,0.6270000861109696,30.44133,32.49309,1440,15.195951388888888,0.227847431667762,14.8,15.71,1440,498.03263888888887,13.825917237999406,478,535
P3,2025-09-14,0,1440,31.9100586875,0.7771076267934797,31.03273,33.35832,1440,15.639104166666668,0.20702154056814717,15.27,16.01,1440,428.00069444444443,13.294729248302241,408,452
P3,2025-09-14,1,1440,32.678689291666664,0.9813175196465057,31.00754,33.99953,1440,15.790451388888888,0.21460600581672437,15.37,16.16,1440,421.92569444444445,9.858027961628872,400,440
P3,2025-09-15,0,1439,30.78117890896456,1.490054545462939,28.39934,32.33508,1439,14.13800555941626,2.120698505907736,10.92,16.44,1439,560.447533009034,138.72452914036876,440,943
P3,2025-09-15,1,1440,29.106767819444446,1.8198616100697973,24.82707,32.61359,1440,12.041256944444445,1.8224163649339102,9.93,16.6,1440,771.4444444444445,206.94336502458034,452,1168
P3,2025-09-16,0,1439,29.706182056984016,1.2179539683187426,27.75773,30.94445,1439,13.663009034051424,2.105838937161304,10.63,16.12,1439,577.3259207783183,119.26041836020599,475,987
P3,2025-09-16,1,1440,28.985498881944448,1.7718447407017894,24.8216,31.44094,1440,12.464708333333334,1.931681419019845,9.58,16.2,1440,797.6006944444445,217.4480957762334,475,1194
P3,2025-09-17,0,1437,29.728128893528183,1.0534385710488787,27.87512,30.86555,1437,13.811308281141265,1.593063117956566,11.27,15.89,1437,590.0153096729297,129.11644693266143,475,869
P3,2025-09-17,1,1440,29.018667284722223,1.4548175057059922,24.77297,31.46965,1440,12.473506944444443,1.6350354079405403,9.92,15.86,1440,737.4645833333333,162.39188565498216,451,1060
P3,2025-09-18,0,1432,29.573893561452515,0.8385603913751566,27.98469,30.49289,1432,13.017220670391062,1.4237121728042523,11.02,14.52,1432,561.5286312849162,95.63105651425745,470,783
P3,2025-09-18,1,1440,28.53387368055556,1.1996187052012663,24.9173,30.61164,1440,11.503902777777776,1.2619280687039827,9.32,14.57,1440,730.1729166666667,169.26427466971577,452,989
P3,2025-09-19,0,1429,29.330240118964312,0.6812560698927727,27.72648,29.96691,1429,12.644023792862143,0.7438934232830704,11.13,14.51,1429,537.9062281315605,83.92179664055853,456,724
P3,2025-09-19,1,1441,28.603142963219984,0.854550683478949,25.77141,30.25148,1441,11.406842470506591,0.8478764868616063,10.41,13.16,1441,661.380985426787,118.39196856851558,459,795
P3,2025-09-20,0,1440,28.989019597222224,0.9706044550346391,26.1677,30.03605,1440,13.627645833333334,1.0614401166235852,11.6,14.82,1440,485.7993055555556,16.597240142186983,431,528
P3,2025-09-20,1,1103,28.17807893019039,1.075941482432554,26.03957,30.05461,1103,13.722320942883046,0.7005801707642613,12.41,15.43,1103,515.4106980961016,20.116560381917566,442,555
P3,2025-09-21,0,1440,28.96140073611111,1.0222699270372826,26.39035,30.24777,1440,10.984458333333334,0.41777645094044213,9.91,11.65,1440,441.4548611111111,18.72056069177629,401,482
P3,2025-09-21,1,1440,28.643797576388888,0.5556358394145131,26.38605,29.89934,1440,10.271916666666666,0.3560724192567886,9.76,11.07,1440,457.1694444444444,19.84076036232177,400,496
P3,2025-09-22,0,1430,29.555854230769235,0.7408630422820324,28.11223,30.49621,1430,11.589545454545455,0.674885784362981,10.5,13.14,1430,543.3797202797202,137.576883046161,416,1066
P3,2025-09-22,1,1428,27.771168529411764,1.6524417481649545,24.6093,30.76574,1428,11.043963585434174,0.8272523420067179,9.74,12.96,1428,902.0217086834734,416.29830715187035,424,1978
P3,2025-09-23,0,720,30.682096597222223,0.08877116127403949,30.41594,30.88449,720,13.731375,0.24940245347017723,13.1,14.12,720,476.4222222222222,11.038284902129954,450,510
P3,2025-09-23,1,375,30.42346904,1.1966473858070978,26.99445,31.29563,375,13.950453333333334,0.7118395671360669,11.74,14.58,375,479.368,43.36258077841669,436,718
