device_id,date,is_daytime,temperature_count,temperature_mean,temperature_std,temperature_min,temperature_max,humidity_count,humidity_mean,humidity_std,humidity_min,humidity_max,pressure_count,pressure_mean,pressure_std,pressure_min,pressure_max,gas_resistance_count,gas_resistance_mean,gas_resistance_std,gas_resistance_min,gas_resistance_max,co2_count,co2_mean,co2_std,co2_min,co2_max
P1,2025-09-15,0,178,28.331516853932584,0.26792665377811326,27.75,28.69,178,68.64837078651685,0.4366774108831824,67.96,69.63,178,1014.0653932584271,0.0867369056500914,1013.91,1014.28,178,121141.33707865169,1134.8224774067378,118710,123708,0,,,,
P1,2025-09-16,0,1431,27.193354297693922,2.720481459262233,22.31,29.83,1431,68.05518518518518,1.832893109539434,63.83,74.36,1431,1011.9010831586303,1.0854848490031144,1010.05,1013.93,1431,140254.43326345214,21421.174697526338,122263,196788,0,,,,
P1,2025-09-16,1,1431,25.080503144654084,2.882287145172726,22.53,30.15,1431,65.04046820405311,3.8078849172302394,53.53,71.46,1431,1011.7386652690426,1.4114846002305401,1009.82,1013.74,1431,176109.60587002095,25312.427866905236,125280,206667,0,,,,
P1,2025-09-17,0,1431,26.977847658979737,2.942807109864133,22.26,29.76,1431,67.20382250174703,2.046524051397282,63.11,72.62,1431,1012.4858141160028,1.8149860672096338,1010.48,1015.18,1431,149709.3675751223,25777.954947241167,128254,199651,0,,,,
P1,2025-09-17,1,1431,25.178763102725366,2.945708993775225,22.25,30.17,1431,63.9756394129979,1.261375536749992,59.3,67.13,1431,1011.1001607267646,0.5747525238390457,1009.41,1012.07,1431,177638.30747728862,24203.262260275034,134322,208367,0,,,,
P1,2025-09-18,0,1430,28.04041958041958,1.1114391367456107,25.8,29.38,1430,63.33467132867133,5.764021246888861,53.03,71.02,1430,1015.6858811188812,1.1703855805381567,1013.29,1017.14,1430,161633.75874125873,28096.323171381544,127863,216446,0,,,,
P1,2025-09-18,1,1431,26.72733752620545,1.6095378644335616,23.26,29.58,1431,56.97180293501048,4.89702650955289,50.86,67.17,1431,1016.1792732354996,0.6389233974487459,1015.06,1017.27,1431,193271.3389238295,27843.03774290596,103844,228299,0,,,,
P1,2025-09-19,0,1431,27.053277428371768,1.894726677128301,23.54,28.75,1431,65.15101327742838,4.941248492522778,59.24,75.76,1431,1013.2980992313069,2.1881576421886746,1010.57,1016.16,1431,162359.43466107617,11678.373168377964,139933,180496,0,,,,
P1,2025-09-19,1,1431,25.42561146051712,2.15369768868477,23.41,29.03,1431,65.48044723969252,3.827052135989936,57.68,73.71,1431,1013.3754716981132,1.723995168289033,1011.0,1015.67,1431,181144.0538085255,17177.192219959572,152550,217878,0,,,,
P1,2025-09-20,0,1431,28.526156533892383,0.286831083714618,28.2,29.12,1431,60.17604472396925,4.968002427643806,52.36,67.2,1431,1013.158714185884,2.2706679085940396,1010.38,1015.91,1431,175105.50873515024,27337.126789719983,140402,219183,0,,,,
P1,2025-09-20,1,1431,28.685108315863033,0.25789621999448975,28.31,29.15,1431,59.88004192872117,0.9540265046985673,57.48,62.27,1431,1013.5138644304683,0.5080699319324438,1012.17,1014.26,1431,174236.3459119497,7683.193941304719,158768,184879,0,,,,
P1,2025-09-21,0,1430,27.67186713286713,0.8507727170424774,24.13,28.31,1430,55.21356643356643,1.9524158495405806,52.43,61.02,1430,1015.9504475524475,0.5951576897713282,1015.01,1016.93,1430,208456.46503496505,6126.283339183733,198090,220948,0,,,,
P1,2025-09-21,1,1431,24.511411600279526,1.4908479186291064,22.28,28.16,1431,58.65960866526904,3.426191975815371,51.29,68.64,1431,1015.816324248777,0.7528081998084448,1014.65,1016.86,1431,223755.12229210342,7348.235255607106,201237,243670,0,,,,
P1,2025-09-22,0,718,28.204707520891365,0.25625423377633244,23.66,28.39,718,56.758760445682455,1.039002845638537,55.31,63.36,718,1015.7671169916435,0.45036933885896707,1014.22,1016.77,718,190795.0668523677,7224.937474674663,177061,210902,0,,,,
P1,2025-09-22,1,1431,24.73637316561845,1.7980709314807433,23.17,28.41,1431,60.772969951083155,2.826429099224439,53.1,66.95,1431,1014.9981201956674,1.0824504844459835,1013.47,1016.45,1431,203991.2928022362,12408.637058370838,175209,223800,0,,,,
P2,2025-09-15,0,180,30.753158587777776,0.3744323598189823,29.981758,31.782342,180,55.859318234444444,3.0935555134136457,49.877328,60.7897,180,1013.5725293333334,0.09520945991669862,1013.40784,1013.7986,180,6455.283333333334,151.70768256657507,6127,6757,0,,,,
P2,2025-09-16,0,1440,30.59221132722222,0.9394201925142981,28.5575384,32.44758,1440,54.49245328361111,3.0294962953860307,44.233656,60.53951,1440,1011.4372042222221,1.0766812908092647,1009.651,1013.46408,1440,6830.64375,293.6729592244972,5779,7658,0,,,,
P2,2025-09-16,1,1440,30.042626186944446,0.9336457324987323,28.393282,32.37512,1440,52.517368714166665,2.9750710246652274,44.104928,58.050404,1440,1011.3198576666667,1.4209884372374766,1009.3798,1013.4027,1440,6707.25625,489.13233616473065,5080,7807,0,,,,
P2,2025-09-17,0,1440,30.23124991388889,0.9657313942266931,28.120624,32.268084,1440,54.96817993111111,2.8280227062255636,45.49009,61.363464,1440,1012.0495006944444,1.8179193440251835,1010.0,1014.7424,1440,6989.482638888889,229.3155534365936,5779,7569,0,,,,
P2,2025-09-17,1,1440,29.785107067916666,1.0370754171970533,28.20617,32.321016,1440,52.73065719402777,3.0534189170796155,43.397064,60.2349,1440,1010.7087487361111,0.5874034080997762,1008.9183,1011.7534,1440,6999.007638888889,348.21904366914174,6247,7783,0,,,,
P2,2025-09-18,0,1440,29.564167001250002,1.0268639074040689,27.58039,31.589766,1440,52.96131336083334,3.587903258688123,42.102208,60.288476,1440,1015.2617392500001,1.2276434639789016,1012.78312,1016.78824,1440,7450.679861111111,278.3254370947123,6895,8251,0,,,,
P2,2025-09-18,1,1440,29.194270457361114,0.9230320872571688,27.400898,31.453828,1440,50.97194037819445,2.902934450194077,43.766136,58.47557,1440,1015.8028586111111,0.6248253773307579,1014.69108,1017.0147,1440,7244.325,599.6856519027164,5212,8186,0,,,,
P2,2025-09-19,0,1440,29.18785379736111,0.5294453608037316,27.524142,30.72004,1440,53.830462238749995,3.575094153875122,43.70066,61.362204,1440,1012.8780142916668,2.2233996052049703,1010.1149,1015.77348,1440,7164.485416666666,415.38766415415336,6236,8022,0,,,,
P2,2025-09-19,1,1440,28.76545441847222,0.6409098725406261,27.46125,30.682539,1440,52.906493104861106,2.970074381572341,45.219624,59.671368,1440,1012.9689773611111,1.7435823457236521,1010.54584,1015.33152,1440,7197.49375,457.75855082932543,5798,8129,0,,,,
P2,2025-09-20,0,1440,29.10660677513889,1.1532136492943637,27.203828,31.212812,1440,52.592869193333335,3.048832002401792,45.221368,59.075424,1440,1012.7670641249999,2.3155995777065,1009.91768,1015.6075,1440,7181.777083333333,484.82598372899764,6440,8060,0,,,,
P2,2025-09-20,1,1440,28.891566215138887,0.5726334702207734,27.445234,30.787422,1440,51.822141806388885,2.7379860516318644,41.14792,57.213652,1440,1013.1136482916668,0.5063621083948218,1011.76384,1013.9224,1440,7303.164583333333,237.9539405588478,6636,7760,0,,,,
P2,2025-09-21,0,1440,27.912644391388888,0.42495338503001356,26.808516,29.175118,1440,50.68874200180555,2.4353792687080973,42.92975,55.285576,1440,1015.6220357777777,0.584539777728451,1014.68024,1016.5956,1440,7569.715277777777,151.5716305338459,7249,8066,0,,,,
P2,2025-09-21,1,1440,27.615190616805556,0.3231356489800976,26.5659376,28.809298,1440,49.70711840861111,2.4971897344216307,42.929196,54.69209,1440,1015.469434638889,0.7779221607678976,1014.26984,1016.61616,1440,7657.252777777778,160.07338481453706,7294,8264,0,,,,
P2,2025-09-22,0,722,28.705476598614958,0.3448970751845581,27.78957,29.835274,722,51.119567059279774,2.701949013291797,44.22097,56.547072,722,1015.432090831025,0.43352935316823843,1013.8375,1016.4498,722,7277.423822714682,203.82649576251163,6705,7801,0,,,,
P2,2025-09-22,1,1440,28.29734760375,0.6253812029002197,27.04172,30.088204,1440,52.22598938680556,3.0788131971324657,42.893216,57.395156,1440,1014.6540043472222,1.0997299282916366,1013.1177,1016.2136,1440,7314.115277777778,462.41421108744953,4903,8270,0,,,,
P3,2025-09-15,0,180,30.54436082,0.27858486998415616,30.004022,31.292108,180,62.85710518555556,0.4132817361295323,62.03877,63.79906,180,1014.5036510000001,0.0901861618111755,1014.3413,1014.73224,180,6070.5,266.5458862882836,5674,6619,0,,,,
P3,2025-09-16,0,1440,29.518409524305557,2.5174188398125916,25.23664,32.523556,1440,60.996020635972215,2.900671328753111,50.908356,65.390368,1440,1012.3472829305556,1.0923961574951406,1010.4727,1014.36992,1440,6561.136805555556,333.4079842796984,5800,7221,0,,,,
P3,2025-09-16,1,1440,27.924952289305555,2.457637241318602,25.36418,32.73957,1440,52.90097220277778,4.897459456270527,43.45415,61.571148,1440,1012.1450129583334,1.4301556539406135,1010.2007,1014.2006,1440,5862.890277777778,843.6240820675175,3717,7311,0,,,,
P3,2025-09-17,0,1440,29.18627583402778,2.4326451492426737,25.011836,32.1634,1440,62.28109831180556,2.2611463420972306,54.626764,66.64482,1440,1012.9866178194444,1.821035687168453,1010.97016,1015.68616,1440,6588.444444444444,541.6319801441845,2375,7206,0,,,,
P3,2025-09-17,1,1440,28.4192116325,2.438972679294181,25.1284368,32.492696,1440,56.504508998055556,3.4251270125217403,45.066308,61.84668,1440,1011.5738117916667,0.5879433928594344,1009.7199,1012.61348,1440,5909.134722222222,890.3408775818289,3275,7079,0,,,,
P3,2025-09-18,0,1440,29.499724980694445,1.1936221247262457,25.352656,31.243868,1440,58.08073637125,3.7534206667330916,50.95005,64.5302,1440,1016.1833314861111,1.1999318293968797,1013.7263,1017.67096,1440,6989.417361111111,419.78352918278983,5134,7565,0,,,,
P3,2025-09-18,1,1440,27.577631341527777,2.1136941905749382,25.572578,31.463398,1440,55.3943138925,3.309381775893477,41.505256,60.686536,1440,1016.6811480694444,0.6020244289013962,1015.5846,1017.8313,1440,6609.052777777778,949.0616125405734,3837,8140,0,,,,
P3,2025-09-19,0,1440,29.7461941675,0.4987768835645931,28.531758,30.99211,1440,57.31062047472223,3.043169085493958,51.653132,64.85153,1440,1013.7479359305556,2.2429890022723433,1011.028,1016.65184,1440,6834.857638888889,578.9018730383785,6075,7554,0,,,,
P3,2025-09-19,1,1440,29.516854588749997,0.5257034260665165,28.412226,30.840936,1440,52.48706380694445,2.9360083797492713,49.190436,58.609128,1440,1013.8016035833333,1.7848476522171004,1011.2961,1016.18776,1440,6799.345138888889,721.8511535521872,4506,7446,0,,,,
P3,2025-09-20,0,1440,30.186828510138888,0.5167577906508584,29.518086,31.274922,1440,57.43077364611111,4.938449516226072,49.122628,65.01539,1440,1013.6649513055556,2.290777819412075,1010.85,1016.456,1440,6858.455555555555,631.8323437443655,6092,7664,0,,,,
P3,2025-09-20,1,1440,30.203895697222222,0.22650186749437332,29.706758,30.8966,1440,57.92668791347222,1.511934996881768,54.88559,63.457528,1440,1014.0241766388889,0.5106227002031825,1012.68332,1014.8788,1440,6945.070833333333,202.3270575173128,6370,7256,0,,,,
P3,2025-09-21,0,1440,29.40280251777778,0.2942039706229913,28.23332,30.034102,1440,50.05052391416667,0.748996007671464,47.50932,51.817476,1440,1016.4185587083334,0.5636636593976357,1015.5264,1017.36916,1440,7138.0625,383.13594150107025,6082,7565,0,,,,
P3,2025-09-21,1,1440,28.643327674305556,0.5214425718666846,27.657734,29.971992,1440,47.217790861111105,1.2336453838157664,44.60676,49.99559,1440,1016.2449415138889,0.7829339217531865,1015.04016,1017.3979,1440,6740.0125,514.8843260358188,5934,7554,0,,,,
P3,2025-09-22,0,722,29.396505250138507,0.27170357771728015,25.269454,29.8860536,722,52.28994725207756,1.4076394792161524,50.081492,63.34882,722,1016.2257778116344,0.41921819285212436,1014.74136,1017.2106,722,7130.412742382271,77.25190707483566,6160,7246,0,,,,
P3,2025-09-22,1,1441,26.92499079208883,1.692214738103471,24.807734,30.064374,1441,55.47759543733518,3.6154727153294584,44.509764,64.48775,1441,1015.4935095211658,1.0730123071588464,1013.9387,1017.0299,1441,6109.681471200555,1061.2504498085964,2598,7337,0,,,,
P4,2025-09-15,0,180,30.728116293333333,0.2444753289571137,30.316522,31.421992,180,68.59769088666667,0.48757755737407177,67.50069,69.76586,180,1014.0759642222222,0.09168270475297424,1013.9071,1014.3157,180,8039.183333333333,46.79605997357366,7924,8114,0,,,,
P4,2025-09-16,0,1440,29.52503759125,2.519503335187473,24.962226,32.163788,1440,65.14907407958333,4.094061011487687,54.611236,69.87988,1440,1011.9145351527778,1.0946583688099,1010.03,1013.9394,1440,8456.320833333333,317.6578263347046,7996,9190,0,,,,
P4,2025-09-16,1,1440,27.461261888888888,2.3463888951732863,25.201876,32.379808,1440,58.47055530944444,3.409685989814654,53.53125,66.353968,1440,1011.7520014166668,1.4286817078649554,1009.8142,1013.8002,1440,7952.645833333333,505.2276565788969,6287,8762,0,,,,
P4,2025-09-17,0,1441,29.43744125079806,2.6316686109855323,24.876874,32.28078,1441,64.6296197128383,3.6441598450497494,56.487848,69.021932,1441,1012.5149709229701,1.80148706086103,1010.497,1015.2056,1441,8404.648854961832,447.7329873936302,5653,9231,0,,,,
P4,2025-09-17,1,1440,28.137703315694445,2.5765810379714127,24.81203,32.556952,1440,57.191577798750004,4.429493597305962,51.208212,65.54964,1440,1011.1212309166666,0.5968175767106185,1009.33016,1012.13024,1440,7870.0569444444445,704.1982164819002,5727,8821,0,,,,
P4,2025-09-18,0,1440,29.76456646333333,1.4498786291055592,26.777266,31.496406,1440,59.748856141805554,4.462120079541934,51.146152,66.76694,1440,1015.69389725,1.1979156508199373,1013.2347,1017.178,1440,8909.421527777778,554.8471551912244,7303,10187,0,,,,
P4,2025-09-18,1,1440,27.894886533333334,1.940188183457586,25.572188,31.659492,1440,55.79456681013888,3.7289272224102556,48.318688,63.684176,1440,1016.2107241805555,0.6181449747530563,1015.10424,1017.3911,1440,8413.820833333333,1040.2707316454396,4630,9881,0,,,,
P4,2025-09-19,0,1440,29.302009478472222,1.5079656464869018,26.501484,30.987032,1440,59.46417553555556,3.899790988103396,54.819756,67.192952,1440,1013.2868825555556,2.2036699246276927,1010.5652,1016.17864,1440,8799.899305555555,448.5261528584297,7936,9429,0,,,,
P4,2025-09-19,1,1440,28.099288496249997,1.598688234359682,26.610274,31.15578,1440,56.411572693888886,1.3937484799985569,52.443628,58.790964,1440,1013.3512764722223,1.740026505479968,1010.9098,1015.6656,1440,8631.584027777777,654.1308201232048,6798,9575,0,,,,
P4,2025-09-20,0,1440,30.240991802222222,0.4211868798486705,29.540156,31.167696,1440,58.383547739722225,5.192364699407233,50.54876,67.13005,1440,1013.1806036805556,2.2801610844842815,1010.3834,1015.9821,1440,8659.954861111111,544.6919614937362,8015,9396,0,,,,
P4,2025-09-20,1,1440,30.38755253472222,0.23570318860346462,30.015156,31.101094,1440,57.02838512833333,1.378457061521142,53.72616,60.485928,1440,1013.521803875,0.5024189113087947,1012.18664,1014.35848,1440,8785.253472222223,211.0124350113578,8234,9095,0,,,,
P4,2025-09-21,0,1440,29.324108951527776,0.5605670098675888,26.467696,30.231172,1440,52.067040079166674,0.5327552467556806,50.222176,53.392648,1440,1015.965409375,0.5740678514304186,1015.06744,1016.9236,1440,8974.774305555555,324.6530897207927,7972,9312,0,,,,
P4,2025-09-21,1,1440,27.50258387138889,0.9149494587024259,24.988204,30.074532,1440,51.035244711388884,1.7527086500723212,47.96899,59.62454,1440,1015.8200232916666,0.7645825639755092,1014.6344,1016.92976,1440,8357.330555555556,572.9995486341448,7522,9619,0,,,,
P4,2025-09-22,0,723,29.404309447856157,0.2561754724473288,26.672382,29.951094,723,54.09044840055325,1.2811079194990527,51.802764,56.202804,723,1015.7730671922545,0.4270549874057262,1014.20952,1016.7595,723,8980.991701244813,168.00326450382929,7517,9198,0,,,,
P4,2025-09-22,1,1441,27.488250767106177,1.1398287084643737,26.440156,30.234492,1441,53.85383736044414,1.2521218556005456,49.923392,56.73102,1441,1015.007912907703,1.0877612815757722,1013.48192,1016.5418,1441,8093.466342817488,731.6045582113157,6220,9025,0,,,,
